mode: set
github.com/rxjh-emu/server/cmd/gameserver/packet/gear.go:57.2,62.12 6 1
github.com/rxjh-emu/server/cmd/gameserver/packet/gear.go:63.3,64.1 1 1
github.com/rxjh-emu/server/cmd/gameserver/packet/gear.go:71.2,77.1 13 1
github.com/rxjh-emu/server/cmd/gameserver/packet/gear.go:78.2,82.1 13 1
github.com/rxjh-emu/server/cmd/gameserver/packet/gear.go:83.2,86.1 13 1
github.com/rxjh-emu/server/cmd/gameserver/packet/gear.go:92.2,92.16 1 1
github.com/rxjh-emu/server/cmd/gameserver/packet/gear.go:93.3,94.1 1 1
github.com/rxjh-emu/server/cmd/gameserver/packet/gear.go:96.2,97.40 2 1
github.com/rxjh-emu/server/cmd/gameserver/packet/gear.go:99.3,99.25 1 0
github.com/rxjh-emu/server/cmd/gameserver/packet/gear.go:101.3,101.25 1 1
github.com/rxjh-emu/server/cmd/gameserver/packet/gear.go:103.3,103.25 1 0
github.com/rxjh-emu/server/cmd/gameserver/packet/gear.go:105.3,105.25 1 0
github.com/rxjh-emu/server/cmd/gameserver/packet/gear.go:107.3,107.25 1 0
github.com/rxjh-emu/server/cmd/gameserver/packet/gear.go:109.3,109.9 1 0
github.com/rxjh-emu/server/cmd/gameserver/packet/gear.go:112.2,113.55 2 1
github.com/rxjh-emu/server/cmd/gameserver/packet/gear.go:114.3,116.1 2 1
github.com/rxjh-emu/server/cmd/gameserver/packet/gear.go:123.2,124.1 3 1
github.com/rxjh-emu/server/cmd/gameserver/packet/gear.go:125.2,126.1 3 1
github.com/rxjh-emu/server/cmd/gameserver/packet/gear.go:128.2,128.40 3 1
github.com/rxjh-emu/server/cmd/gameserver/packet/gear.go:129.3,131.10 3 1
github.com/rxjh-emu/server/cmd/gameserver/packet/gear.go:132.4,132.12 1 1
github.com/rxjh-emu/server/cmd/gameserver/packet/gear.go:134.3,135.55 2 1
github.com/rxjh-emu/server/cmd/gameserver/packet/gear.go:136.4,137.1 1 1
github.com/rxjh-emu/server/cmd/gameserver/packet/gear.go:143.2,143.67 1 1
github.com/rxjh-emu/server/cmd/gameserver/packet/gear.go:144.3,145.62 2 1
github.com/rxjh-emu/server/cmd/gameserver/packet/gear.go:146.4,147.1 1 0
github.com/rxjh-emu/server/cmd/gameserver/packet/gear.go:148.3,148.22 1 1
github.com/rxjh-emu/server/cmd/gameserver/packet/gear.go:149.4,149.12 1 1
github.com/rxjh-emu/server/cmd/gameserver/packet/gear.go:151.3,151.55 1 1
github.com/rxjh-emu/server/cmd/gameserver/packet/gear.go:152.4,153.1 1 1
github.com/rxjh-emu/server/cmd/gameserver/packet/gear.go:157.2,157.40 1 1
github.com/rxjh-emu/server/cmd/gameserver/packet/gear.go:158.3,160.15 3 1
github.com/rxjh-emu/server/cmd/gameserver/packet/gear.go:161.4,161.12 1 1
github.com/rxjh-emu/server/cmd/gameserver/packet/gear.go:163.3,164.10 2 1
github.com/rxjh-emu/server/cmd/gameserver/packet/gear.go:165.4,165.12 1 0
github.com/rxjh-emu/server/cmd/gameserver/packet/gear.go:169.3,169.87 1 1
github.com/rxjh-emu/server/cmd/gameserver/packet/gear.go:170.4,170.12 1 1
github.com/rxjh-emu/server/cmd/gameserver/packet/gear.go:174.3,174.37 1 1
github.com/rxjh-emu/server/cmd/gameserver/packet/gear.go:175.4,175.12 1 1
github.com/rxjh-emu/server/cmd/gameserver/packet/gear.go:177.3,177.45 1 1
github.com/rxjh-emu/server/cmd/gameserver/packet/gear.go:178.4,178.12 1 1
github.com/rxjh-emu/server/cmd/gameserver/packet/gear.go:180.3,180.63 1 1
github.com/rxjh-emu/server/cmd/gameserver/packet/gear.go:181.4,181.12 1 1
github.com/rxjh-emu/server/cmd/gameserver/packet/gear.go:183.3,183.61 1 1
github.com/rxjh-emu/server/cmd/gameserver/packet/gear.go:184.4,184.12 1 1
github.com/rxjh-emu/server/cmd/gameserver/packet/gear.go:186.3,186.46 1 1
github.com/rxjh-emu/server/cmd/gameserver/packet/gear.go:187.4,187.12 1 1
github.com/rxjh-emu/server/cmd/gameserver/packet/gear.go:190.3,191.1 2 1
github.com/rxjh-emu/server/cmd/gameserver/packet/gear.go:198.3,198.23 2 1
github.com/rxjh-emu/server/cmd/gameserver/packet/gear.go:199.4,200.1 1 1
github.com/rxjh-emu/server/cmd/gameserver/packet/gear.go:204.3,204.22 1 1
github.com/rxjh-emu/server/cmd/gameserver/packet/gear.go:205.4,206.1 1 1
github.com/rxjh-emu/server/cmd/gameserver/packet/gear.go:208.3,208.31 1 1
github.com/rxjh-emu/server/cmd/gameserver/packet/gear.go:211.2,212.1 2 1
github.com/rxjh-emu/server/cmd/gameserver/packet/gear.go:217.2,217.21 2 1
github.com/rxjh-emu/server/cmd/gameserver/packet/gear.go:225.2,225.22 1 1
github.com/rxjh-emu/server/cmd/gameserver/packet/gear.go:226.3,227.16 2 0
github.com/rxjh-emu/server/cmd/gameserver/packet/gear.go:229.4,229.47 1 0
github.com/rxjh-emu/server/cmd/gameserver/packet/gear.go:231.4,231.47 1 0
github.com/rxjh-emu/server/cmd/gameserver/packet/gear.go:233.3,233.14 1 0
github.com/rxjh-emu/server/cmd/gameserver/packet/gear.go:235.2,235.31 1 1
github.com/rxjh-emu/server/cmd/gameserver/packet/gear.go:243.2,244.1 1 1
github.com/rxjh-emu/server/cmd/gameserver/packet/gear.go:254.2,255.1 3 1
github.com/rxjh-emu/server/cmd/gameserver/packet/gear.go:256.2,257.20 3 1
github.com/rxjh-emu/server/cmd/gameserver/packet/gear.go:259.3,259.51 1 1
github.com/rxjh-emu/server/cmd/gameserver/packet/gear.go:260.4,262.1 2 1
github.com/rxjh-emu/server/cmd/gameserver/packet/gear.go:264.3,264.47 1 1
github.com/rxjh-emu/server/cmd/gameserver/packet/gear.go:266.3,266.52 1 1
github.com/rxjh-emu/server/cmd/gameserver/packet/gear.go:267.4,268.1 1 1
github.com/rxjh-emu/server/cmd/gameserver/packet/gear.go:271.2,271.37 1 1
github.com/rxjh-emu/server/cmd/gameserver/packet/gear.go:272.3,273.1 1 1
github.com/rxjh-emu/server/cmd/gameserver/packet/gear.go:274.2,274.10 1 1
github.com/rxjh-emu/server/cmd/gameserver/packet/gear.go:283.2,283.12 1 1
github.com/rxjh-emu/server/cmd/gameserver/packet/gear.go:284.3,284.17 1 1
github.com/rxjh-emu/server/cmd/gameserver/packet/gear.go:286.4,286.18 1 1
github.com/rxjh-emu/server/cmd/gameserver/packet/gear.go:288.4,288.21 1 1
github.com/rxjh-emu/server/cmd/gameserver/packet/gear.go:290.4,290.21 1 1
github.com/rxjh-emu/server/cmd/gameserver/packet/gear.go:292.3,292.18 1 1
github.com/rxjh-emu/server/cmd/gameserver/packet/gear.go:295.2,295.16 1 1
github.com/rxjh-emu/server/cmd/gameserver/packet/gear.go:297.3,297.17 1 1
github.com/rxjh-emu/server/cmd/gameserver/packet/gear.go:299.3,299.19 1 1
github.com/rxjh-emu/server/cmd/gameserver/packet/gear.go:301.3,301.21 1 1
github.com/rxjh-emu/server/cmd/gameserver/packet/gear.go:303.2,303.17 1 1
github.com/rxjh-emu/server/cmd/gameserver/packet/gear.go:308.2,309.9 2 1
github.com/rxjh-emu/server/cmd/gameserver/packet/gear.go:310.3,311.1 1 1
github.com/rxjh-emu/server/cmd/gameserver/packet/gear.go:313.2,313.14 1 1
github.com/rxjh-emu/server/cmd/gameserver/packet/gear.go:315.3,316.23 2 1
github.com/rxjh-emu/server/cmd/gameserver/packet/gear.go:318.3,318.21 1 1
github.com/rxjh-emu/server/cmd/gameserver/packet/gear.go:320.3,320.16 1 1
github.com/rxjh-emu/server/cmd/gameserver/packet/gear.go:322.3,322.16 1 1
github.com/rxjh-emu/server/cmd/gameserver/packet/gear.go:324.3,324.22 1 0
github.com/rxjh-emu/server/cmd/gameserver/packet/gear.go:326.3,326.19 1 1
github.com/rxjh-emu/server/cmd/gameserver/packet/gear.go:339.2,340.1 3 1
github.com/rxjh-emu/server/cmd/gameserver/packet/gear.go:341.2,342.19 3 1
github.com/rxjh-emu/server/cmd/gameserver/packet/gear.go:343.9,343.9 0 1
github.com/rxjh-emu/server/cmd/gameserver/packet/gear.go:345.3,345.12 1 1
github.com/rxjh-emu/server/cmd/gameserver/packet/gear.go:347.3,347.21 1 1
github.com/rxjh-emu/server/cmd/gameserver/packet/gear.go:350.2,351.16 2 1
github.com/rxjh-emu/server/cmd/gameserver/packet/gear.go:352.3,353.1 1 0
github.com/rxjh-emu/server/cmd/gameserver/packet/gear.go:354.2,354.49 1 1
github.com/rxjh-emu/server/cmd/gameserver/packet/gear.go:362.2,363.15 2 1
github.com/rxjh-emu/server/cmd/gameserver/packet/gear.go:364.3,365.1 1 1
github.com/rxjh-emu/server/cmd/gameserver/packet/gear.go:367.2,368.16 2 1
github.com/rxjh-emu/server/cmd/gameserver/packet/gear.go:369.3,370.1 1 0
github.com/rxjh-emu/server/cmd/gameserver/packet/gear.go:371.2,371.14 1 1
github.com/rxjh-emu/server/cmd/gameserver/packet/packet.go:15.2,16.1 161 1
github.com/rxjh-emu/server/cmd/gameserver/packet/packet.go:17.2,98.1 161 1
github.com/rxjh-emu/server/cmd/gameserver/packet/packet.go:100.2,108.1 161 1
github.com/rxjh-emu/server/cmd/gameserver/packet/packet.go:110.2,121.1 161 1
github.com/rxjh-emu/server/cmd/gameserver/packet/packet.go:123.2,141.1 161 1
github.com/rxjh-emu/server/cmd/gameserver/packet/packet.go:143.2,146.1 161 1
github.com/rxjh-emu/server/cmd/gameserver/packet/packet.go:148.2,152.1 161 1
github.com/rxjh-emu/server/cmd/gameserver/packet/packet.go:154.2,159.1 161 1
github.com/rxjh-emu/server/cmd/gameserver/packet/packet.go:161.2,173.1 161 1
github.com/rxjh-emu/server/cmd/gameserver/packet/packet.go:175.2,179.1 161 1
github.com/rxjh-emu/server/cmd/gameserver/packet/packet.go:180.2,187.1 161 1
github.com/rxjh-emu/server/cmd/gameserver/packet/packet.go:188.2,195.1 161 1
github.com/rxjh-emu/server/cmd/gameserver/packet/packet.go:197.22,197.22 0 0
github.com/rxjh-emu/server/cmd/gameserver/packet/v21_actions.go:36.2,36.27 1 0
github.com/rxjh-emu/server/cmd/gameserver/packet/v21_actions.go:37.3,38.1 1 0
github.com/rxjh-emu/server/cmd/gameserver/packet/v21_actions.go:40.2,40.29 1 0
github.com/rxjh-emu/server/cmd/gameserver/packet/v21_actions.go:41.3,43.1 2 0
github.com/rxjh-emu/server/cmd/gameserver/packet/v21_actions.go:45.2,46.1 2 0
github.com/rxjh-emu/server/cmd/gameserver/packet/v21_actions.go:51.2,51.23 2 0
github.com/rxjh-emu/server/cmd/gameserver/packet/v21_actions.go:52.3,53.1 1 0
github.com/rxjh-emu/server/cmd/gameserver/packet/v21_actions.go:55.2,56.38 2 0
github.com/rxjh-emu/server/cmd/gameserver/packet/v21_actions.go:57.3,58.1 1 0
github.com/rxjh-emu/server/cmd/gameserver/packet/v21_actions.go:60.2,62.1 5 0
github.com/rxjh-emu/server/cmd/gameserver/packet/v21_actions.go:63.2,68.1 5 0
github.com/rxjh-emu/server/cmd/gameserver/packet/v21_actions.go:69.2,70.28 5 0
github.com/rxjh-emu/server/cmd/gameserver/packet/v21_actions.go:71.3,72.1 1 0
github.com/rxjh-emu/server/cmd/gameserver/packet/v21_actions.go:79.2,80.1 4 0
github.com/rxjh-emu/server/cmd/gameserver/packet/v21_actions.go:83.2,85.1 4 0
github.com/rxjh-emu/server/cmd/gameserver/packet/v21_actions.go:86.2,87.1 4 0
github.com/rxjh-emu/server/cmd/gameserver/packet/v21_actions.go:105.2,105.27 1 1
github.com/rxjh-emu/server/cmd/gameserver/packet/v21_actions.go:106.3,107.1 1 0
github.com/rxjh-emu/server/cmd/gameserver/packet/v21_actions.go:109.2,110.23 2 1
github.com/rxjh-emu/server/cmd/gameserver/packet/v21_actions.go:111.3,112.1 1 0
github.com/rxjh-emu/server/cmd/gameserver/packet/v21_actions.go:114.2,115.45 2 1
github.com/rxjh-emu/server/cmd/gameserver/packet/v21_actions.go:116.3,117.74 2 1
github.com/rxjh-emu/server/cmd/gameserver/packet/v21_actions.go:118.4,119.37 2 0
github.com/rxjh-emu/server/cmd/gameserver/packet/v21_actions.go:120.5,122.29 3 0
github.com/rxjh-emu/server/cmd/gameserver/packet/v21_actions.go:123.6,124.37 2 0
github.com/rxjh-emu/server/cmd/gameserver/packet/v21_actions.go:125.7,127.12 3 0
github.com/rxjh-emu/server/cmd/gameserver/packet/v21_actions.go:129.6,129.38 1 0
github.com/rxjh-emu/server/cmd/gameserver/packet/v21_actions.go:130.7,131.1 1 0
github.com/rxjh-emu/server/cmd/gameserver/packet/v21_actions.go:133.5,133.33 1 0
github.com/rxjh-emu/server/cmd/gameserver/packet/v21_actions.go:134.6,139.1 5 0
github.com/rxjh-emu/server/cmd/gameserver/packet/v21_actions.go:141.4,143.10 3 0
github.com/rxjh-emu/server/cmd/gameserver/packet/v21_actions.go:147.2,148.1 2 1
github.com/rxjh-emu/server/cmd/gameserver/packet/v21_actions.go:153.2,153.90 2 1
github.com/rxjh-emu/server/cmd/gameserver/packet/v21_actions.go:154.3,156.1 2 1
github.com/rxjh-emu/server/cmd/gameserver/packet/v21_actions.go:157.2,158.1 2 1
github.com/rxjh-emu/server/cmd/gameserver/packet/v21_actions.go:159.2,159.19 2 1
github.com/rxjh-emu/server/cmd/gameserver/packet/v21_actions.go:161.3,162.49 2 1
github.com/rxjh-emu/server/cmd/gameserver/packet/v21_actions.go:163.4,164.1 1 1
github.com/rxjh-emu/server/cmd/gameserver/packet/v21_actions.go:169.3,170.62 2 1
github.com/rxjh-emu/server/cmd/gameserver/packet/v21_actions.go:171.4,172.1 1 1
github.com/rxjh-emu/server/cmd/gameserver/packet/v21_actions.go:174.3,174.49 1 1
github.com/rxjh-emu/server/cmd/gameserver/packet/v21_actions.go:175.4,175.32 1 1
github.com/rxjh-emu/server/cmd/gameserver/packet/v21_actions.go:176.5,177.1 1 1
github.com/rxjh-emu/server/cmd/gameserver/packet/v21_actions.go:203.3,203.48 1 1
github.com/rxjh-emu/server/cmd/gameserver/packet/v21_actions.go:204.4,205.1 1 1
github.com/rxjh-emu/server/cmd/gameserver/packet/v21_actions.go:211.3,212.23 2 1
github.com/rxjh-emu/server/cmd/gameserver/packet/v21_actions.go:213.4,215.1 2 1
github.com/rxjh-emu/server/cmd/gameserver/packet/v21_actions.go:216.3,217.28 2 1
github.com/rxjh-emu/server/cmd/gameserver/packet/v21_actions.go:219.3,219.26 1 0
github.com/rxjh-emu/server/cmd/gameserver/packet/v21_actions.go:227.2,228.17 2 1
github.com/rxjh-emu/server/cmd/gameserver/packet/v21_actions.go:229.3,230.1 1 0
github.com/rxjh-emu/server/cmd/gameserver/packet/v21_actions.go:231.2,231.48 1 1
github.com/rxjh-emu/server/cmd/gameserver/packet/v21_actions.go:232.3,233.1 1 0
github.com/rxjh-emu/server/cmd/gameserver/packet/v21_actions.go:235.2,240.14 6 1
github.com/rxjh-emu/server/cmd/gameserver/packet/v21_actions.go:253.2,253.27 1 1
github.com/rxjh-emu/server/cmd/gameserver/packet/v21_actions.go:254.3,255.1 1 1
github.com/rxjh-emu/server/cmd/gameserver/packet/v21_actions.go:257.2,258.22 2 1
github.com/rxjh-emu/server/cmd/gameserver/packet/v21_actions.go:259.3,260.1 1 0
github.com/rxjh-emu/server/cmd/gameserver/packet/v21_actions.go:262.2,264.53 3 1
github.com/rxjh-emu/server/cmd/gameserver/packet/v21_actions.go:265.3,266.1 1 0
github.com/rxjh-emu/server/cmd/gameserver/packet/v21_actions.go:275.2,276.1 1 0
github.com/rxjh-emu/server/cmd/gameserver/packet/v21_actions.go:284.2,284.27 1 0
github.com/rxjh-emu/server/cmd/gameserver/packet/v21_actions.go:285.3,286.1 1 0
github.com/rxjh-emu/server/cmd/gameserver/packet/v21_actions.go:287.2,289.29 3 0
github.com/rxjh-emu/server/cmd/gameserver/packet/v21_actions.go:290.3,292.1 2 0
github.com/rxjh-emu/server/cmd/gameserver/packet/v21_actions.go:300.2,301.71 2 0
github.com/rxjh-emu/server/cmd/gameserver/packet/v21_actions.go:302.3,304.1 2 0
github.com/rxjh-emu/server/cmd/gameserver/packet/v21_actions.go:310.2,311.1 1 0
github.com/rxjh-emu/server/cmd/gameserver/packet/v21_actions.go:332.2,332.27 1 1
github.com/rxjh-emu/server/cmd/gameserver/packet/v21_actions.go:333.3,334.1 1 1
github.com/rxjh-emu/server/cmd/gameserver/packet/v21_actions.go:338.2,340.29 3 1
github.com/rxjh-emu/server/cmd/gameserver/packet/v21_actions.go:341.3,342.1 1 1
github.com/rxjh-emu/server/cmd/gameserver/packet/v21_actions.go:343.2,343.29 1 1
github.com/rxjh-emu/server/cmd/gameserver/packet/v21_actions.go:344.3,345.1 1 0
github.com/rxjh-emu/server/cmd/gameserver/packet/v21_actions.go:350.2,352.43 2 1
github.com/rxjh-emu/server/cmd/gameserver/packet/v21_actions.go:353.3,354.1 1 1
github.com/rxjh-emu/server/cmd/gameserver/packet/v21_actions.go:356.2,358.1 4 1
github.com/rxjh-emu/server/cmd/gameserver/packet/v21_actions.go:361.2,362.1 4 1
github.com/rxjh-emu/server/cmd/gameserver/packet/v21_actions.go:363.2,363.13 4 1
github.com/rxjh-emu/server/cmd/gameserver/packet/v21_actions.go:368.3,371.1 3 1
github.com/rxjh-emu/server/cmd/gameserver/packet/v21_actions.go:373.2,373.22 1 1
github.com/rxjh-emu/server/cmd/gameserver/packet/v21_actions.go:384.2,385.56 2 1
github.com/rxjh-emu/server/cmd/gameserver/packet/v21_actions.go:386.3,387.1 1 1
github.com/rxjh-emu/server/cmd/gameserver/packet/v21_actions.go:389.2,389.15 1 1
github.com/rxjh-emu/server/cmd/gameserver/packet/v21_actions.go:391.3,391.18 1 1
github.com/rxjh-emu/server/cmd/gameserver/packet/v21_actions.go:393.3,393.32 1 1
github.com/rxjh-emu/server/cmd/gameserver/packet/v21_actions.go:395.4,395.19 1 1
github.com/rxjh-emu/server/cmd/gameserver/packet/v21_actions.go:397.4,397.19 1 1
github.com/rxjh-emu/server/cmd/gameserver/packet/v21_actions.go:400.2,400.14 1 1
github.com/rxjh-emu/server/cmd/gameserver/packet/v21_actions.go:414.2,414.27 1 1
github.com/rxjh-emu/server/cmd/gameserver/packet/v21_actions.go:415.3,416.1 1 1
github.com/rxjh-emu/server/cmd/gameserver/packet/v21_actions.go:418.2,419.1 2 1
github.com/rxjh-emu/server/cmd/gameserver/packet/v21_actions.go:421.2,421.19 2 1
github.com/rxjh-emu/server/cmd/gameserver/packet/v21_actions.go:422.3,423.1 1 0
github.com/rxjh-emu/server/cmd/gameserver/packet/v21_actions.go:425.2,426.56 2 1
github.com/rxjh-emu/server/cmd/gameserver/packet/v21_actions.go:427.3,429.1 2 1
github.com/rxjh-emu/server/cmd/gameserver/packet/v21_actions.go:436.2,438.1 10 1
github.com/rxjh-emu/server/cmd/gameserver/packet/v21_actions.go:439.2,444.1 10 1
github.com/rxjh-emu/server/cmd/gameserver/packet/v21_actions.go:445.2,448.1 10 1
github.com/rxjh-emu/server/cmd/gameserver/packet/v21_actors.go:59.36,59.60 1 1
github.com/rxjh-emu/server/cmd/gameserver/packet/v21_actors.go:62.2,63.1 1 1
github.com/rxjh-emu/server/cmd/gameserver/packet/v21_actors.go:66.2,67.1 1 1
github.com/rxjh-emu/server/cmd/gameserver/packet/v21_actors.go:70.2,71.1 2 1
github.com/rxjh-emu/server/cmd/gameserver/packet/v21_actors.go:72.2,72.59 2 1
github.com/rxjh-emu/server/cmd/gameserver/packet/v21_actors.go:73.3,74.24 2 1
github.com/rxjh-emu/server/cmd/gameserver/packet/v21_actors.go:75.4,76.1 1 1
github.com/rxjh-emu/server/cmd/gameserver/packet/v21_actors.go:77.3,78.1 2 1
github.com/rxjh-emu/server/cmd/gameserver/packet/v21_actors.go:79.3,79.35 2 1
github.com/rxjh-emu/server/cmd/gameserver/packet/v21_actors.go:80.4,81.28 2 1
github.com/rxjh-emu/server/cmd/gameserver/packet/v21_actors.go:82.5,83.1 1 1
github.com/rxjh-emu/server/cmd/gameserver/packet/v21_actors.go:93.2,114.1 21 1
github.com/rxjh-emu/server/cmd/gameserver/packet/v21_actors.go:120.2,121.15 2 1
github.com/rxjh-emu/server/cmd/gameserver/packet/v21_actors.go:122.3,123.1 1 0
github.com/rxjh-emu/server/cmd/gameserver/packet/v21_actors.go:125.2,125.28 1 1
github.com/rxjh-emu/server/cmd/gameserver/packet/v21_actors.go:126.3,126.66 1 1
github.com/rxjh-emu/server/cmd/gameserver/packet/v21_actors.go:127.4,139.1 12 1
github.com/rxjh-emu/server/cmd/gameserver/packet/v21_actors.go:146.2,146.28 1 1
github.com/rxjh-emu/server/cmd/gameserver/packet/v21_actors.go:147.3,147.65 1 1
github.com/rxjh-emu/server/cmd/gameserver/packet/v21_actors.go:147.66,147.66 0 1
github.com/rxjh-emu/server/cmd/gameserver/packet/v21_actors.go:155.2,155.28 1 1
github.com/rxjh-emu/server/cmd/gameserver/packet/v21_actors.go:156.3,156.68 1 1
github.com/rxjh-emu/server/cmd/gameserver/packet/v21_actors.go:157.4,159.1 2 1
github.com/rxjh-emu/server/cmd/gameserver/packet/v21_actors.go:167.2,168.28 2 1
github.com/rxjh-emu/server/cmd/gameserver/packet/v21_actors.go:169.3,169.58 1 1
github.com/rxjh-emu/server/cmd/gameserver/packet/v21_actors.go:170.4,171.1 1 1
github.com/rxjh-emu/server/cmd/gameserver/packet/v21_actors.go:177.2,178.28 2 1
github.com/rxjh-emu/server/cmd/gameserver/packet/v21_actors.go:179.3,180.55 2 1
github.com/rxjh-emu/server/cmd/gameserver/packet/v21_actors.go:181.4,183.1 2 1
github.com/rxjh-emu/server/cmd/gameserver/packet/v21_actors.go:190.2,191.1 1 1
github.com/rxjh-emu/server/cmd/gameserver/packet/v21_actors.go:202.2,204.1 26 1
github.com/rxjh-emu/server/cmd/gameserver/packet/v21_actors.go:205.2,208.1 26 1
github.com/rxjh-emu/server/cmd/gameserver/packet/v21_actors.go:213.2,233.1 26 1
github.com/rxjh-emu/server/cmd/gameserver/packet/v21_actors.go:236.2,236.57 26 1
github.com/rxjh-emu/server/cmd/gameserver/packet/v21_actors.go:237.3,239.1 2 1
github.com/rxjh-emu/server/cmd/gameserver/packet/v21_actors.go:240.2,279.1 55 1
github.com/rxjh-emu/server/cmd/gameserver/packet/v21_actors.go:281.2,296.26 55 1
github.com/rxjh-emu/server/cmd/gameserver/packet/v21_actors.go:297.3,298.1 1 1
github.com/rxjh-emu/server/cmd/gameserver/packet/v21_actors.go:299.2,302.9 4 1
github.com/rxjh-emu/server/cmd/gameserver/packet/v21_actors.go:310.2,310.44 1 1
github.com/rxjh-emu/server/cmd/gameserver/packet/v21_actors.go:310.46,310.80 1 1
github.com/rxjh-emu/server/cmd/gameserver/packet/v21_actors.go:314.2,315.53 2 1
github.com/rxjh-emu/server/cmd/gameserver/packet/v21_actors.go:316.3,316.67 1 1
github.com/rxjh-emu/server/cmd/gameserver/packet/v21_actors.go:317.4,318.1 1 1
github.com/rxjh-emu/server/cmd/gameserver/packet/v21_actors.go:344.2,345.57 2 1
github.com/rxjh-emu/server/cmd/gameserver/packet/v21_actors.go:346.3,347.27 2 1
github.com/rxjh-emu/server/cmd/gameserver/packet/v21_actors.go:348.4,349.1 1 1
github.com/rxjh-emu/server/cmd/gameserver/packet/v21_actors.go:350.3,350.9 1 1
github.com/rxjh-emu/server/cmd/gameserver/packet/v21_actors.go:353.2,363.1 12 1
github.com/rxjh-emu/server/cmd/gameserver/packet/v21_actors.go:367.2,368.74 12 1
github.com/rxjh-emu/server/cmd/gameserver/packet/v21_actors.go:369.3,369.16 1 1
github.com/rxjh-emu/server/cmd/gameserver/packet/v21_actors.go:370.4,371.9 2 1
github.com/rxjh-emu/server/cmd/gameserver/packet/v21_actors.go:374.2,376.34 3 1
github.com/rxjh-emu/server/cmd/gameserver/packet/v21_actors.go:377.3,378.1 1 1
github.com/rxjh-emu/server/cmd/gameserver/packet/v21_actors.go:379.2,380.11 2 1
github.com/rxjh-emu/server/cmd/gameserver/packet/v21_actors.go:387.2,387.18 1 1
github.com/rxjh-emu/server/cmd/gameserver/packet/v21_actors.go:388.3,389.1 1 1
github.com/rxjh-emu/server/cmd/gameserver/packet/v21_actors.go:390.2,390.15 1 1
github.com/rxjh-emu/server/cmd/gameserver/packet/v21_actors.go:400.2,400.24 1 1
github.com/rxjh-emu/server/cmd/gameserver/packet/v21_actors.go:401.3,402.1 1 1
github.com/rxjh-emu/server/cmd/gameserver/packet/v21_actors.go:403.2,403.23 1 1
github.com/rxjh-emu/server/cmd/gameserver/packet/v21_actors.go:408.2,408.24 1 1
github.com/rxjh-emu/server/cmd/gameserver/packet/v21_actors.go:409.3,410.1 1 1
github.com/rxjh-emu/server/cmd/gameserver/packet/v21_actors.go:411.2,411.25 1 1
github.com/rxjh-emu/server/cmd/gameserver/packet/v21_actors.go:418.2,418.24 1 1
github.com/rxjh-emu/server/cmd/gameserver/packet/v21_actors.go:419.3,420.1 1 1
github.com/rxjh-emu/server/cmd/gameserver/packet/v21_actors.go:421.2,421.25 1 1
github.com/rxjh-emu/server/cmd/gameserver/packet/v21_actors.go:428.2,428.24 1 1
github.com/rxjh-emu/server/cmd/gameserver/packet/v21_actors.go:429.3,430.1 1 1
github.com/rxjh-emu/server/cmd/gameserver/packet/v21_actors.go:431.2,431.49 1 1
github.com/rxjh-emu/server/cmd/gameserver/packet/v21_actors.go:438.2,438.15 1 1
github.com/rxjh-emu/server/cmd/gameserver/packet/v21_actors.go:440.3,440.14 1 1
github.com/rxjh-emu/server/cmd/gameserver/packet/v21_actors.go:442.2,442.14 1 1
github.com/rxjh-emu/server/cmd/gameserver/packet/v21_actors.go:448.2,448.21 1 1
github.com/rxjh-emu/server/cmd/gameserver/packet/v21_actors.go:449.3,450.1 1 1
github.com/rxjh-emu/server/cmd/gameserver/packet/v21_actors.go:451.2,451.14 1 1
github.com/rxjh-emu/server/cmd/gameserver/packet/v21_actors.go:457.2,458.1 1 1
github.com/rxjh-emu/server/cmd/gameserver/packet/v21_actors.go:463.2,463.47 1 1
github.com/rxjh-emu/server/cmd/gameserver/packet/v21_actors.go:464.3,464.34 1 1
github.com/rxjh-emu/server/cmd/gameserver/packet/v21_actors.go:465.4,466.1 1 1
github.com/rxjh-emu/server/cmd/gameserver/packet/v21_actors.go:468.2,468.10 1 0
github.com/rxjh-emu/server/cmd/gameserver/packet/v21_actors.go:475.2,475.21 1 1
github.com/rxjh-emu/server/cmd/gameserver/packet/v21_actors.go:476.3,477.1 1 1
github.com/rxjh-emu/server/cmd/gameserver/packet/v21_actors.go:478.2,478.33 1 1
github.com/rxjh-emu/server/cmd/gameserver/packet/v21_actors.go:479.3,480.1 1 0
github.com/rxjh-emu/server/cmd/gameserver/packet/v21_actors.go:481.2,481.10 1 1
github.com/rxjh-emu/server/cmd/gameserver/packet/v21_auto.go:20.2,21.19 2 1
github.com/rxjh-emu/server/cmd/gameserver/packet/v21_auto.go:22.3,23.1 1 0
github.com/rxjh-emu/server/cmd/gameserver/packet/v21_auto.go:24.2,24.42 1 1
github.com/rxjh-emu/server/cmd/gameserver/packet/v21_auto.go:25.3,33.1 8 1
github.com/rxjh-emu/server/cmd/gameserver/packet/v21_auto.go:38.2,39.1 1 0
github.com/rxjh-emu/server/cmd/gameserver/packet/v21_backlog.go:16.74,16.74 0 0
github.com/rxjh-emu/server/cmd/gameserver/packet/v21_backlog.go:25.75,25.75 0 0
github.com/rxjh-emu/server/cmd/gameserver/packet/v21_backlog.go:34.73,34.73 0 0
github.com/rxjh-emu/server/cmd/gameserver/packet/v21_backlog.go:43.78,43.78 0 0
github.com/rxjh-emu/server/cmd/gameserver/packet/v21_backlog.go:52.70,52.70 0 0
github.com/rxjh-emu/server/cmd/gameserver/packet/v21_backlog.go:62.73,62.73 0 0
github.com/rxjh-emu/server/cmd/gameserver/packet/v21_backlog.go:72.71,72.71 0 0
github.com/rxjh-emu/server/cmd/gameserver/packet/v21_backlog.go:82.75,82.75 0 0
github.com/rxjh-emu/server/cmd/gameserver/packet/v21_backlog.go:92.75,92.75 0 0
github.com/rxjh-emu/server/cmd/gameserver/packet/v21_backlog.go:104.74,104.74 0 0
github.com/rxjh-emu/server/cmd/gameserver/packet/v21_backlog.go:114.76,114.76 0 0
github.com/rxjh-emu/server/cmd/gameserver/packet/v21_backlog.go:128.69,128.69 0 0
github.com/rxjh-emu/server/cmd/gameserver/packet/v21_backlog.go:135.68,135.68 0 0
github.com/rxjh-emu/server/cmd/gameserver/packet/v21_backlog.go:144.69,144.69 0 0
github.com/rxjh-emu/server/cmd/gameserver/packet/v21_backlog.go:158.72,158.72 0 0
github.com/rxjh-emu/server/cmd/gameserver/packet/v21_backlog.go:166.66,166.66 0 0
github.com/rxjh-emu/server/cmd/gameserver/packet/v21_backlog.go:173.69,173.69 0 0
github.com/rxjh-emu/server/cmd/gameserver/packet/v21_backlog.go:179.70,179.70 0 0
github.com/rxjh-emu/server/cmd/gameserver/packet/v21_backlog.go:180.70,180.70 0 0
github.com/rxjh-emu/server/cmd/gameserver/packet/v21_backlog.go:181.70,181.70 0 0
github.com/rxjh-emu/server/cmd/gameserver/packet/v21_backlog.go:182.70,182.70 0 0
github.com/rxjh-emu/server/cmd/gameserver/packet/v21_backlog.go:185.70,185.70 0 0
github.com/rxjh-emu/server/cmd/gameserver/packet/v21_backlog.go:186.70,186.70 0 0
github.com/rxjh-emu/server/cmd/gameserver/packet/v21_backlog.go:187.70,187.70 0 0
github.com/rxjh-emu/server/cmd/gameserver/packet/v21_backlog.go:188.70,188.70 0 0
github.com/rxjh-emu/server/cmd/gameserver/packet/v21_backlog.go:189.70,189.70 0 0
github.com/rxjh-emu/server/cmd/gameserver/packet/v21_backlog.go:192.74,192.74 0 0
github.com/rxjh-emu/server/cmd/gameserver/packet/v21_backlog.go:193.74,193.74 0 0
github.com/rxjh-emu/server/cmd/gameserver/packet/v21_backlog.go:194.74,194.74 0 0
github.com/rxjh-emu/server/cmd/gameserver/packet/v21_backlog.go:195.74,195.74 0 0
github.com/rxjh-emu/server/cmd/gameserver/packet/v21_backlog.go:196.74,196.74 0 0
github.com/rxjh-emu/server/cmd/gameserver/packet/v21_backlog.go:197.74,197.74 0 0
github.com/rxjh-emu/server/cmd/gameserver/packet/v21_backlog.go:198.74,198.74 0 0
github.com/rxjh-emu/server/cmd/gameserver/packet/v21_backlog.go:199.74,199.74 0 0
github.com/rxjh-emu/server/cmd/gameserver/packet/v21_backlog.go:200.74,200.74 0 0
github.com/rxjh-emu/server/cmd/gameserver/packet/v21_backlog.go:201.74,201.74 0 0
github.com/rxjh-emu/server/cmd/gameserver/packet/v21_backlog.go:202.74,202.74 0 0
github.com/rxjh-emu/server/cmd/gameserver/packet/v21_backlog.go:203.74,203.74 0 0
github.com/rxjh-emu/server/cmd/gameserver/packet/v21_backlog.go:206.75,206.75 0 0
github.com/rxjh-emu/server/cmd/gameserver/packet/v21_backlog.go:207.75,207.75 0 0
github.com/rxjh-emu/server/cmd/gameserver/packet/v21_backlog.go:208.75,208.75 0 0
github.com/rxjh-emu/server/cmd/gameserver/packet/v21_backlog.go:209.75,209.75 0 0
github.com/rxjh-emu/server/cmd/gameserver/packet/v21_beast.go:71.2,72.94 2 0
github.com/rxjh-emu/server/cmd/gameserver/packet/v21_beast.go:73.3,74.1 1 0
github.com/rxjh-emu/server/cmd/gameserver/packet/v21_beast.go:75.2,75.32 1 0
github.com/rxjh-emu/server/cmd/gameserver/packet/v21_beast.go:85.52,85.73 1 1
github.com/rxjh-emu/server/cmd/gameserver/packet/v21_beast.go:89.53,89.71 1 1
github.com/rxjh-emu/server/cmd/gameserver/packet/v21_beast.go:97.2,98.1 3 1
github.com/rxjh-emu/server/cmd/gameserver/packet/v21_beast.go:106.2,107.23 3 1
github.com/rxjh-emu/server/cmd/gameserver/packet/v21_beast.go:108.3,109.1 1 1
github.com/rxjh-emu/server/cmd/gameserver/packet/v21_beast.go:111.2,112.30 2 1
github.com/rxjh-emu/server/cmd/gameserver/packet/v21_beast.go:113.3,114.1 1 1
github.com/rxjh-emu/server/cmd/gameserver/packet/v21_beast.go:116.2,119.14 4 1
github.com/rxjh-emu/server/cmd/gameserver/packet/v21_beast.go:120.3,121.1 1 1
github.com/rxjh-emu/server/cmd/gameserver/packet/v21_beast.go:122.2,123.44 2 1
github.com/rxjh-emu/server/cmd/gameserver/packet/v21_beast.go:124.3,125.1 1 1
github.com/rxjh-emu/server/cmd/gameserver/packet/v21_beast.go:126.2,127.1 2 1
github.com/rxjh-emu/server/cmd/gameserver/packet/v21_beast.go:128.2,128.32 2 1
github.com/rxjh-emu/server/cmd/gameserver/packet/v21_beast.go:129.3,130.1 2 1
github.com/rxjh-emu/server/cmd/gameserver/packet/v21_beast.go:136.3,136.84 2 1
github.com/rxjh-emu/server/cmd/gameserver/packet/v21_beast.go:137.4,139.1 2 1
github.com/rxjh-emu/server/cmd/gameserver/packet/v21_beast.go:140.3,141.9 2 1
github.com/rxjh-emu/server/cmd/gameserver/packet/v21_beast.go:143.2,143.35 1 1
github.com/rxjh-emu/server/cmd/gameserver/packet/v21_beast.go:163.2,164.16 2 1
github.com/rxjh-emu/server/cmd/gameserver/packet/v21_beast.go:167.3,169.1 2 1
github.com/rxjh-emu/server/cmd/gameserver/packet/v21_beast.go:170.2,170.12 1 1
github.com/rxjh-emu/server/cmd/gameserver/packet/v21_beast.go:171.3,172.1 1 1
github.com/rxjh-emu/server/cmd/gameserver/packet/v21_beast.go:173.2,178.50 6 1
github.com/rxjh-emu/server/cmd/gameserver/packet/v21_beast.go:188.2,193.1 5 1
github.com/rxjh-emu/server/cmd/gameserver/packet/v21_beast.go:209.2,210.1 7 1
github.com/rxjh-emu/server/cmd/gameserver/packet/v21_beast.go:211.2,216.1 7 1
github.com/rxjh-emu/server/cmd/gameserver/packet/v21_beast.go:217.2,217.25 7 1
github.com/rxjh-emu/server/cmd/gameserver/packet/v21_beast.go:218.3,220.1 2 1
github.com/rxjh-emu/server/cmd/gameserver/packet/v21_beast.go:222.2,224.1 4 1
github.com/rxjh-emu/server/cmd/gameserver/packet/v21_beast.go:225.2,226.38 4 1
github.com/rxjh-emu/server/cmd/gameserver/packet/v21_beast.go:234.2,236.1 3 1
github.com/rxjh-emu/server/cmd/gameserver/packet/v21_beast.go:237.2,237.30 3 1
github.com/rxjh-emu/server/cmd/gameserver/packet/v21_beast.go:238.3,238.25 1 1
github.com/rxjh-emu/server/cmd/gameserver/packet/v21_beast.go:239.4,242.1 3 1
github.com/rxjh-emu/server/cmd/gameserver/packet/v21_beast.go:243.3,243.31 1 1
github.com/rxjh-emu/server/cmd/gameserver/packet/v21_beast.go:244.4,248.1 4 1
github.com/rxjh-emu/server/cmd/gameserver/packet/v21_beast.go:254.3,257.27 4 1
github.com/rxjh-emu/server/cmd/gameserver/packet/v21_beast.go:260.2,263.1 13 1
github.com/rxjh-emu/server/cmd/gameserver/packet/v21_beast.go:268.2,277.34 13 1
github.com/rxjh-emu/server/cmd/gameserver/packet/v21_beast.go:288.2,292.1 4 1
github.com/rxjh-emu/server/cmd/gameserver/packet/v21_beast.go:299.2,299.17 1 1
github.com/rxjh-emu/server/cmd/gameserver/packet/v21_beast.go:301.3,301.11 1 1
github.com/rxjh-emu/server/cmd/gameserver/packet/v21_beast.go:303.3,303.11 1 1
github.com/rxjh-emu/server/cmd/gameserver/packet/v21_beast.go:305.3,305.11 1 1
github.com/rxjh-emu/server/cmd/gameserver/packet/v21_beast.go:307.3,307.11 1 1
github.com/rxjh-emu/server/cmd/gameserver/packet/v21_beast.go:309.3,309.11 1 1
github.com/rxjh-emu/server/cmd/gameserver/packet/v21_beast.go:311.3,311.11 1 1
github.com/rxjh-emu/server/cmd/gameserver/packet/v21_beast.go:313.3,313.11 1 1
github.com/rxjh-emu/server/cmd/gameserver/packet/v21_beast.go:315.3,315.11 1 1
github.com/rxjh-emu/server/cmd/gameserver/packet/v21_beast.go:317.3,317.11 1 1
github.com/rxjh-emu/server/cmd/gameserver/packet/v21_beast.go:319.3,319.11 1 1
github.com/rxjh-emu/server/cmd/gameserver/packet/v21_beast.go:321.2,321.21 1 1
github.com/rxjh-emu/server/cmd/gameserver/packet/v21_beast.go:335.2,335.23 1 1
github.com/rxjh-emu/server/cmd/gameserver/packet/v21_beast.go:337.3,337.11 1 1
github.com/rxjh-emu/server/cmd/gameserver/packet/v21_beast.go:339.3,339.11 1 1
github.com/rxjh-emu/server/cmd/gameserver/packet/v21_beast.go:341.3,341.11 1 1
github.com/rxjh-emu/server/cmd/gameserver/packet/v21_beast.go:343.3,343.11 1 1
github.com/rxjh-emu/server/cmd/gameserver/packet/v21_beast.go:347.2,348.62 1 1
github.com/rxjh-emu/server/cmd/gameserver/packet/v21_beast.go:349.3,349.10 1 1
github.com/rxjh-emu/server/cmd/gameserver/packet/v21_beast.go:351.4,351.12 1 1
github.com/rxjh-emu/server/cmd/gameserver/packet/v21_beast.go:354.4,354.12 1 1
github.com/rxjh-emu/server/cmd/gameserver/packet/v21_beast.go:356.4,356.12 1 1
github.com/rxjh-emu/server/cmd/gameserver/packet/v21_beast.go:358.4,358.12 1 1
github.com/rxjh-emu/server/cmd/gameserver/packet/v21_beast.go:360.4,360.12 1 1
github.com/rxjh-emu/server/cmd/gameserver/packet/v21_beast.go:362.4,362.12 1 1
github.com/rxjh-emu/server/cmd/gameserver/packet/v21_beast.go:364.3,364.31 1 1
github.com/rxjh-emu/server/cmd/gameserver/packet/v21_beast.go:368.2,370.25 1 1
github.com/rxjh-emu/server/cmd/gameserver/packet/v21_beast.go:371.3,372.1 1 1
github.com/rxjh-emu/server/cmd/gameserver/packet/v21_beast.go:373.2,373.30 1 0
github.com/rxjh-emu/server/cmd/gameserver/packet/v21_beastdecay.go:12.2,13.14 2 1
github.com/rxjh-emu/server/cmd/gameserver/packet/v21_beastdecay.go:14.3,15.1 1 1
github.com/rxjh-emu/server/cmd/gameserver/packet/v21_beastdecay.go:16.2,17.17 2 1
github.com/rxjh-emu/server/cmd/gameserver/packet/v21_beastdecay.go:18.3,19.1 1 1
github.com/rxjh-emu/server/cmd/gameserver/packet/v21_beastdecay.go:20.2,20.36 1 1
github.com/rxjh-emu/server/cmd/gameserver/packet/v21_beastframes.go:52.2,53.1 1 1
github.com/rxjh-emu/server/cmd/gameserver/packet/v21_beastframes.go:59.2,62.1 3 1
github.com/rxjh-emu/server/cmd/gameserver/packet/v21_beastframes.go:70.2,74.1 4 1
github.com/rxjh-emu/server/cmd/gameserver/packet/v21_beastframes.go:80.2,80.46 1 1
github.com/rxjh-emu/server/cmd/gameserver/packet/v21_beastframes.go:81.3,83.1 2 1
github.com/rxjh-emu/server/cmd/gameserver/packet/v21_beastframes.go:91.2,95.1 4 1
github.com/rxjh-emu/server/cmd/gameserver/packet/v21_beastframes.go:103.2,104.8 2 1
github.com/rxjh-emu/server/cmd/gameserver/packet/v21_beastframes.go:105.3,106.1 1 1
github.com/rxjh-emu/server/cmd/gameserver/packet/v21_beastframes.go:107.2,109.25 3 1
github.com/rxjh-emu/server/cmd/gameserver/packet/v21_beastframes.go:119.2,120.54 2 1
github.com/rxjh-emu/server/cmd/gameserver/packet/v21_beastframes.go:121.3,131.28 11 1
github.com/rxjh-emu/server/cmd/gameserver/packet/v21_beastframes.go:132.4,133.1 1 1
github.com/rxjh-emu/server/cmd/gameserver/packet/v21_beastframes.go:143.2,143.18 1 1
github.com/rxjh-emu/server/cmd/gameserver/packet/v21_beastframes.go:144.3,145.1 1 1
github.com/rxjh-emu/server/cmd/gameserver/packet/v21_beastframes.go:146.2,147.60 2 1
github.com/rxjh-emu/server/cmd/gameserver/packet/v21_beastframes.go:148.3,152.1 4 1
github.com/rxjh-emu/server/cmd/gameserver/packet/v21_beastframes.go:161.2,162.56 2 1
github.com/rxjh-emu/server/cmd/gameserver/packet/v21_beastframes.go:163.3,166.1 3 1
github.com/rxjh-emu/server/cmd/gameserver/packet/v21_beastframes.go:177.2,177.58 1 1
github.com/rxjh-emu/server/cmd/gameserver/packet/v21_beastframes.go:178.3,182.26 5 1
github.com/rxjh-emu/server/cmd/gameserver/packet/v21_beastframes.go:183.4,184.1 1 1
github.com/rxjh-emu/server/cmd/gameserver/packet/v21_beastframes.go:185.3,185.26 1 1
github.com/rxjh-emu/server/cmd/gameserver/packet/v21_beastframes.go:186.4,187.1 1 1
github.com/rxjh-emu/server/cmd/gameserver/packet/v21_beastframes.go:188.3,188.27 1 1
github.com/rxjh-emu/server/cmd/gameserver/packet/v21_beastframes.go:189.4,190.1 1 1
github.com/rxjh-emu/server/cmd/gameserver/packet/v21_beastframes.go:191.3,191.81 1 1
github.com/rxjh-emu/server/cmd/gameserver/packet/v21_beastframes.go:192.4,193.1 1 1
github.com/rxjh-emu/server/cmd/gameserver/packet/v21_beastframes.go:202.2,202.59 1 1
github.com/rxjh-emu/server/cmd/gameserver/packet/v21_beastframes.go:203.3,207.1 4 1
github.com/rxjh-emu/server/cmd/gameserver/packet/v21_beastframes.go:215.2,215.58 1 1
github.com/rxjh-emu/server/cmd/gameserver/packet/v21_beastframes.go:216.3,218.40 3 1
github.com/rxjh-emu/server/cmd/gameserver/packet/v21_beastframes.go:219.4,220.1 1 1
github.com/rxjh-emu/server/cmd/gameserver/packet/v21_beastframes.go:236.2,242.84 7 1
github.com/rxjh-emu/server/cmd/gameserver/packet/v21_beastframes.go:243.3,244.1 1 1
github.com/rxjh-emu/server/cmd/gameserver/packet/v21_beastframes.go:245.2,249.22 5 1
github.com/rxjh-emu/server/cmd/gameserver/packet/v21_beastframes.go:265.2,274.25 10 1
github.com/rxjh-emu/server/cmd/gameserver/packet/v21_beastframes.go:275.3,276.1 1 1
github.com/rxjh-emu/server/cmd/gameserver/packet/v21_beastframes.go:277.2,278.47 2 1
github.com/rxjh-emu/server/cmd/gameserver/packet/v21_beastframes.go:279.3,280.1 1 1
github.com/rxjh-emu/server/cmd/gameserver/packet/v21_beastframes.go:294.2,298.1 4 1
github.com/rxjh-emu/server/cmd/gameserver/packet/v21_beastframes.go:306.2,308.1 7 1
github.com/rxjh-emu/server/cmd/gameserver/packet/v21_beastframes.go:309.2,314.1 7 1
github.com/rxjh-emu/server/cmd/gameserver/packet/v21_beastsave.go:27.2,28.88 2 1
github.com/rxjh-emu/server/cmd/gameserver/packet/v21_beastsave.go:29.3,30.1 1 1
github.com/rxjh-emu/server/cmd/gameserver/packet/v21_beastsave.go:31.2,31.22 1 0
github.com/rxjh-emu/server/cmd/gameserver/packet/v21_beastsave.go:52.2,53.14 2 1
github.com/rxjh-emu/server/cmd/gameserver/packet/v21_beastsave.go:54.3,55.1 1 1
github.com/rxjh-emu/server/cmd/gameserver/packet/v21_beastsave.go:56.2,56.49 1 1
github.com/rxjh-emu/server/cmd/gameserver/packet/v21_beastsave.go:57.3,58.1 1 1
github.com/rxjh-emu/server/cmd/gameserver/packet/v21_beasttransform.go:69.2,70.9 2 1
github.com/rxjh-emu/server/cmd/gameserver/packet/v21_beasttransform.go:71.3,72.1 1 0
github.com/rxjh-emu/server/cmd/gameserver/packet/v21_beasttransform.go:74.2,75.36 2 1
github.com/rxjh-emu/server/cmd/gameserver/packet/v21_beasttransform.go:82.3,83.1 1 1
github.com/rxjh-emu/server/cmd/gameserver/packet/v21_beasttransform.go:85.2,87.1 4 1
github.com/rxjh-emu/server/cmd/gameserver/packet/v21_beasttransform.go:103.2,104.14 4 1
github.com/rxjh-emu/server/cmd/gameserver/packet/v21_beasttransform.go:106.3,106.9 1 1
github.com/rxjh-emu/server/cmd/gameserver/packet/v21_beasttransform.go:109.2,109.69 1 1
github.com/rxjh-emu/server/cmd/gameserver/packet/v21_beasttransform.go:110.3,111.1 1 1
github.com/rxjh-emu/server/cmd/gameserver/packet/v21_beasttransform.go:116.2,117.1 2 1
github.com/rxjh-emu/server/cmd/gameserver/packet/v21_beasttransform.go:118.2,118.43 2 1
github.com/rxjh-emu/server/cmd/gameserver/packet/v21_beasttransform.go:119.3,120.1 1 1
github.com/rxjh-emu/server/cmd/gameserver/packet/v21_beasttransform.go:128.2,128.23 1 1
github.com/rxjh-emu/server/cmd/gameserver/packet/v21_combat.go:40.2,41.20 2 1
github.com/rxjh-emu/server/cmd/gameserver/packet/v21_combat.go:42.3,43.1 1 1
github.com/rxjh-emu/server/cmd/gameserver/packet/v21_combat.go:45.2,45.23 1 1
github.com/rxjh-emu/server/cmd/gameserver/packet/v21_combat.go:46.3,47.23 2 1
github.com/rxjh-emu/server/cmd/gameserver/packet/v21_combat.go:48.4,48.72 1 1
github.com/rxjh-emu/server/cmd/gameserver/packet/v21_combat.go:49.5,50.1 1 1
github.com/rxjh-emu/server/cmd/gameserver/packet/v21_combat.go:51.4,51.12 1 1
github.com/rxjh-emu/server/cmd/gameserver/packet/v21_combat.go:53.3,53.71 1 1
github.com/rxjh-emu/server/cmd/gameserver/packet/v21_combat.go:54.4,55.1 1 1
github.com/rxjh-emu/server/cmd/gameserver/packet/v21_combat.go:63.2,85.1 22 1
github.com/rxjh-emu/server/cmd/gameserver/packet/v21_combat.go:91.2,113.1 22 1
github.com/rxjh-emu/server/cmd/gameserver/packet/v21_combat.go:119.2,119.23 1 1
github.com/rxjh-emu/server/cmd/gameserver/packet/v21_combat.go:120.3,120.65 1 1
github.com/rxjh-emu/server/cmd/gameserver/packet/v21_combat.go:121.4,138.1 17 1
github.com/rxjh-emu/server/cmd/gameserver/packet/v21_combat.go:145.2,146.1 1 1
github.com/rxjh-emu/server/cmd/gameserver/packet/v21_combat.go:149.2,149.43 1 1
github.com/rxjh-emu/server/cmd/gameserver/packet/v21_combat.go:149.45,149.64 1 1
github.com/rxjh-emu/server/cmd/gameserver/packet/v21_combat.go:154.2,154.46 1 1
github.com/rxjh-emu/server/cmd/gameserver/packet/v21_combat.go:154.48,154.83 1 1
github.com/rxjh-emu/server/cmd/gameserver/packet/v21_combat.go:161.2,162.28 2 1
github.com/rxjh-emu/server/cmd/gameserver/packet/v21_combat.go:163.3,163.70 1 1
github.com/rxjh-emu/server/cmd/gameserver/packet/v21_combat.go:164.4,168.1 4 1
github.com/rxjh-emu/server/cmd/gameserver/packet/v21_combat.go:178.2,180.28 3 1
github.com/rxjh-emu/server/cmd/gameserver/packet/v21_combat.go:181.3,182.1 1 1
github.com/rxjh-emu/server/cmd/gameserver/packet/v21_combat.go:189.2,201.1 12 1
github.com/rxjh-emu/server/cmd/gameserver/packet/v21_combat.go:210.2,211.1 1 1
github.com/rxjh-emu/server/cmd/gameserver/packet/v21_combat.go:218.2,222.1 10 1
github.com/rxjh-emu/server/cmd/gameserver/packet/v21_combat.go:225.2,227.1 10 1
github.com/rxjh-emu/server/cmd/gameserver/packet/v21_combat.go:232.2,236.1 10 1
github.com/rxjh-emu/server/cmd/gameserver/packet/v21_combat.go:244.2,244.20 1 1
github.com/rxjh-emu/server/cmd/gameserver/packet/v21_combat.go:245.3,246.1 1 1
github.com/rxjh-emu/server/cmd/gameserver/packet/v21_combat.go:247.2,247.11 1 1
github.com/rxjh-emu/server/cmd/gameserver/packet/v21_combat.go:248.3,249.1 1 1
github.com/rxjh-emu/server/cmd/gameserver/packet/v21_combat.go:250.2,250.10 1 1
github.com/rxjh-emu/server/cmd/gameserver/packet/v21_combat.go:257.2,257.27 1 0
github.com/rxjh-emu/server/cmd/gameserver/packet/v21_combat.go:258.3,259.1 1 0
github.com/rxjh-emu/server/cmd/gameserver/packet/v21_combat.go:261.2,262.23 2 0
github.com/rxjh-emu/server/cmd/gameserver/packet/v21_combat.go:263.3,264.1 1 0
github.com/rxjh-emu/server/cmd/gameserver/packet/v21_combat.go:269.2,274.1 6 0
github.com/rxjh-emu/server/cmd/gameserver/packet/v21_combat.go:275.2,279.21 6 0
github.com/rxjh-emu/server/cmd/gameserver/packet/v21_combat.go:288.2,288.27 1 0
github.com/rxjh-emu/server/cmd/gameserver/packet/v21_combat.go:289.3,290.1 1 0
github.com/rxjh-emu/server/cmd/gameserver/packet/v21_combat.go:292.2,293.22 2 0
github.com/rxjh-emu/server/cmd/gameserver/packet/v21_combat.go:294.3,295.1 1 0
github.com/rxjh-emu/server/cmd/gameserver/packet/v21_combat.go:297.2,300.22 4 0
github.com/rxjh-emu/server/cmd/gameserver/packet/v21_combat.go:301.3,303.1 2 0
github.com/rxjh-emu/server/cmd/gameserver/packet/v21_combat.go:305.2,313.1 12 0
github.com/rxjh-emu/server/cmd/gameserver/packet/v21_combat.go:314.2,317.47 12 0
github.com/rxjh-emu/server/cmd/gameserver/packet/v21_combat.go:318.3,319.1 1 0
github.com/rxjh-emu/server/cmd/gameserver/packet/v21_combat.go:321.2,323.21 3 0
github.com/rxjh-emu/server/cmd/gameserver/packet/v21_dialog.go:15.2,15.27 1 1
github.com/rxjh-emu/server/cmd/gameserver/packet/v21_dialog.go:16.3,17.1 1 0
github.com/rxjh-emu/server/cmd/gameserver/packet/v21_dialog.go:18.2,19.20 2 1
github.com/rxjh-emu/server/cmd/gameserver/packet/v21_dialog.go:20.3,21.1 1 0
github.com/rxjh-emu/server/cmd/gameserver/packet/v21_dialog.go:23.2,26.21 4 1
github.com/rxjh-emu/server/cmd/gameserver/packet/v21_dialog.go:27.3,28.1 1 1
github.com/rxjh-emu/server/cmd/gameserver/packet/v21_dialog.go:30.2,31.32 2 1
github.com/rxjh-emu/server/cmd/gameserver/packet/v21_dialog.go:32.3,33.1 1 0
github.com/rxjh-emu/server/cmd/gameserver/packet/v21_dialog.go:35.2,36.62 2 1
github.com/rxjh-emu/server/cmd/gameserver/packet/v21_dialog.go:37.3,37.38 1 0
github.com/rxjh-emu/server/cmd/gameserver/packet/v21_dialog.go:38.4,39.1 1 0
github.com/rxjh-emu/server/cmd/gameserver/packet/v21_dialog.go:42.2,42.19 1 1
github.com/rxjh-emu/server/cmd/gameserver/packet/v21_dialog.go:44.3,45.47 2 1
github.com/rxjh-emu/server/cmd/gameserver/packet/v21_dialog.go:48.3,48.63 1 1
github.com/rxjh-emu/server/cmd/gameserver/packet/v21_dialog.go:51.3,57.135 7 1
github.com/rxjh-emu/server/cmd/gameserver/packet/v21_dialog.go:60.3,60.47 1 1
github.com/rxjh-emu/server/cmd/gameserver/packet/v21_dialog.go:66.2,72.1 6 1
github.com/rxjh-emu/server/cmd/gameserver/packet/v21_dialog.go:76.2,77.42 2 1
github.com/rxjh-emu/server/cmd/gameserver/packet/v21_dialog.go:78.3,79.1 1 0
github.com/rxjh-emu/server/cmd/gameserver/packet/v21_dialog.go:81.2,83.27 3 1
github.com/rxjh-emu/server/cmd/gameserver/packet/v21_dialog.go:84.3,84.24 1 1
github.com/rxjh-emu/server/cmd/gameserver/packet/v21_dialog.go:85.4,86.1 1 1
github.com/rxjh-emu/server/cmd/gameserver/packet/v21_dialog.go:87.3,87.23 1 1
github.com/rxjh-emu/server/cmd/gameserver/packet/v21_dialog.go:90.2,91.33 2 1
github.com/rxjh-emu/server/cmd/gameserver/packet/v21_dialog.go:92.3,92.31 1 1
github.com/rxjh-emu/server/cmd/gameserver/packet/v21_dialog.go:93.4,94.1 1 1
github.com/rxjh-emu/server/cmd/gameserver/packet/v21_dialog.go:95.4,96.1 1 0
github.com/rxjh-emu/server/cmd/gameserver/packet/v21_dialog.go:99.2,101.1 3 1
github.com/rxjh-emu/server/cmd/gameserver/packet/v21_dialog.go:102.2,102.37 3 1
github.com/rxjh-emu/server/cmd/gameserver/packet/v21_dialog.go:103.3,108.14 6 1
github.com/rxjh-emu/server/cmd/gameserver/packet/v21_dialog.go:109.4,110.22 2 1
github.com/rxjh-emu/server/cmd/gameserver/packet/v21_dialog.go:111.5,112.1 1 0
github.com/rxjh-emu/server/cmd/gameserver/packet/v21_dialog.go:113.4,114.11 2 1
github.com/rxjh-emu/server/cmd/gameserver/packet/v21_dialog.go:116.4,117.1 1 0
github.com/rxjh-emu/server/cmd/gameserver/packet/v21_dialog.go:118.3,119.1 2 1
github.com/rxjh-emu/server/cmd/gameserver/packet/v21_dialog.go:120.3,120.27 2 1
github.com/rxjh-emu/server/cmd/gameserver/packet/v21_dialog.go:121.4,122.103 2 1
github.com/rxjh-emu/server/cmd/gameserver/packet/v21_dialog.go:123.5,125.1 4 1
github.com/rxjh-emu/server/cmd/gameserver/packet/v21_dialog.go:126.5,127.22 4 1
github.com/rxjh-emu/server/cmd/gameserver/packet/v21_dialog.go:128.6,129.1 1 1
github.com/rxjh-emu/server/cmd/gameserver/packet/v21_dialog.go:130.5,130.22 1 1
github.com/rxjh-emu/server/cmd/gameserver/packet/v21_dialog.go:131.6,132.1 1 0
github.com/rxjh-emu/server/cmd/gameserver/packet/v21_dialog.go:133.5,133.22 1 1
github.com/rxjh-emu/server/cmd/gameserver/packet/v21_dialog.go:134.6,135.1 1 0
github.com/rxjh-emu/server/cmd/gameserver/packet/v21_dialog.go:136.5,136.22 1 1
github.com/rxjh-emu/server/cmd/gameserver/packet/v21_dialog.go:137.6,138.1 1 0
github.com/rxjh-emu/server/cmd/gameserver/packet/v21_dialog.go:140.5,140.23 1 1
github.com/rxjh-emu/server/cmd/gameserver/packet/v21_dialog.go:141.6,142.23 2 1
github.com/rxjh-emu/server/cmd/gameserver/packet/v21_dialog.go:143.7,144.1 1 1
github.com/rxjh-emu/server/cmd/gameserver/packet/v21_dialog.go:145.6,145.23 1 1
github.com/rxjh-emu/server/cmd/gameserver/packet/v21_dialog.go:146.7,147.1 1 0
github.com/rxjh-emu/server/cmd/gameserver/packet/v21_dialog.go:148.6,148.23 1 1
github.com/rxjh-emu/server/cmd/gameserver/packet/v21_dialog.go:149.7,150.1 1 0
github.com/rxjh-emu/server/cmd/gameserver/packet/v21_dialog.go:151.6,151.23 1 1
github.com/rxjh-emu/server/cmd/gameserver/packet/v21_dialog.go:152.7,153.1 1 0
github.com/rxjh-emu/server/cmd/gameserver/packet/v21_dialog.go:155.6,156.1 1 1
github.com/rxjh-emu/server/cmd/gameserver/packet/v21_dialog.go:157.5,157.13 1 1
github.com/rxjh-emu/server/cmd/gameserver/packet/v21_dialog.go:159.5,162.1 3 1
github.com/rxjh-emu/server/cmd/gameserver/packet/v21_equiplock.go:20.2,21.22 2 1
github.com/rxjh-emu/server/cmd/gameserver/packet/v21_equiplock.go:22.3,23.1 1 0
github.com/rxjh-emu/server/cmd/gameserver/packet/v21_equiplock.go:25.2,26.9 2 1
github.com/rxjh-emu/server/cmd/gameserver/packet/v21_equiplock.go:27.3,28.1 1 0
github.com/rxjh-emu/server/cmd/gameserver/packet/v21_equiplock.go:30.2,31.1 3 1
github.com/rxjh-emu/server/cmd/gameserver/packet/v21_equiplock.go:32.2,33.13 3 1
github.com/rxjh-emu/server/cmd/gameserver/packet/v21_equiplock.go:34.9,34.9 0 1
github.com/rxjh-emu/server/cmd/gameserver/packet/v21_equiplock.go:36.3,37.17 2 1
github.com/rxjh-emu/server/cmd/gameserver/packet/v21_equiplock.go:39.3,40.17 2 1
github.com/rxjh-emu/server/cmd/gameserver/packet/v21_equiplock.go:42.3,42.9 1 0
github.com/rxjh-emu/server/cmd/gameserver/packet/v21_equiplock.go:45.2,48.1 4 1
github.com/rxjh-emu/server/cmd/gameserver/packet/v21_equiplock.go:49.2,49.13 4 1
github.com/rxjh-emu/server/cmd/gameserver/packet/v21_equiplock.go:50.3,52.1 2 1
github.com/rxjh-emu/server/cmd/gameserver/packet/v21_equiplock.go:60.2,60.29 1 1
github.com/rxjh-emu/server/cmd/gameserver/packet/v21_equiplock.go:61.3,62.25 2 1
github.com/rxjh-emu/server/cmd/gameserver/packet/v21_equiplock.go:63.4,64.1 1 0
github.com/rxjh-emu/server/cmd/gameserver/packet/v21_equiplock.go:65.3,67.19 3 1
github.com/rxjh-emu/server/cmd/gameserver/packet/v21_equiplock.go:68.4,68.12 1 1
github.com/rxjh-emu/server/cmd/gameserver/packet/v21_equiplock.go:70.3,71.41 2 1
github.com/rxjh-emu/server/cmd/gameserver/packet/v21_gang.go:38.2,42.23 2 1
github.com/rxjh-emu/server/cmd/gameserver/packet/v21_gang.go:43.3,45.1 2 1
github.com/rxjh-emu/server/cmd/gameserver/packet/v21_gang.go:46.2,46.29 1 0
github.com/rxjh-emu/server/cmd/gameserver/packet/v21_gang.go:52.2,52.16 1 1
github.com/rxjh-emu/server/cmd/gameserver/packet/v21_gang.go:57.3,59.1 2 1
github.com/rxjh-emu/server/cmd/gameserver/packet/v21_gang.go:61.2,62.28 2 1
github.com/rxjh-emu/server/cmd/gameserver/packet/v21_gang.go:121.2,122.22 2 1
github.com/rxjh-emu/server/cmd/gameserver/packet/v21_gang.go:123.3,124.1 1 1
github.com/rxjh-emu/server/cmd/gameserver/packet/v21_gang.go:125.2,125.40 1 1
github.com/rxjh-emu/server/cmd/gameserver/packet/v21_gang.go:134.2,135.1 5 1
github.com/rxjh-emu/server/cmd/gameserver/packet/v21_gang.go:136.2,139.12 5 1
github.com/rxjh-emu/server/cmd/gameserver/packet/v21_gang.go:140.3,141.1 1 1
github.com/rxjh-emu/server/cmd/gameserver/packet/v21_gang.go:142.2,142.15 1 1
github.com/rxjh-emu/server/cmd/gameserver/packet/v21_gang.go:152.2,154.1 4 1
github.com/rxjh-emu/server/cmd/gameserver/packet/v21_gang.go:155.2,156.35 4 1
github.com/rxjh-emu/server/cmd/gameserver/packet/v21_gang.go:157.3,158.1 1 1
github.com/rxjh-emu/server/cmd/gameserver/packet/v21_gang.go:160.2,163.1 19 1
github.com/rxjh-emu/server/cmd/gameserver/packet/v21_gang.go:168.2,170.1 19 1
github.com/rxjh-emu/server/cmd/gameserver/packet/v21_gang.go:173.2,174.1 19 1
github.com/rxjh-emu/server/cmd/gameserver/packet/v21_gang.go:181.2,186.1 19 1
github.com/rxjh-emu/server/cmd/gameserver/packet/v21_gang.go:188.2,193.1 19 1
github.com/rxjh-emu/server/cmd/gameserver/packet/v21_gang.go:194.2,196.15 19 1
github.com/rxjh-emu/server/cmd/gameserver/packet/v21_gang.go:208.2,209.1 1 1
github.com/rxjh-emu/server/cmd/gameserver/packet/v21_gang.go:221.2,221.28 1 1
github.com/rxjh-emu/server/cmd/gameserver/packet/v21_gang.go:225.3,226.1 1 1
github.com/rxjh-emu/server/cmd/gameserver/packet/v21_gang.go:228.2,232.23 2 1
github.com/rxjh-emu/server/cmd/gameserver/packet/v21_gang.go:236.3,238.1 2 1
github.com/rxjh-emu/server/cmd/gameserver/packet/v21_gang.go:239.2,239.16 1 0
github.com/rxjh-emu/server/cmd/gameserver/packet/v21_gang.go:243.3,244.1 1 0
github.com/rxjh-emu/server/cmd/gameserver/packet/v21_gang.go:246.2,246.49 1 0
github.com/rxjh-emu/server/cmd/gameserver/packet/v21_gang.go:264.2,264.24 1 1
github.com/rxjh-emu/server/cmd/gameserver/packet/v21_gang.go:265.3,266.1 1 1
github.com/rxjh-emu/server/cmd/gameserver/packet/v21_gang.go:267.3,268.1 1 1
github.com/rxjh-emu/server/cmd/gameserver/packet/v21_gang.go:270.2,272.22 3 1
github.com/rxjh-emu/server/cmd/gameserver/packet/v21_gang.go:282.2,282.24 1 1
github.com/rxjh-emu/server/cmd/gameserver/packet/v21_gang.go:285.3,286.1 1 1
github.com/rxjh-emu/server/cmd/gameserver/packet/v21_gang.go:287.2,287.28 1 1
github.com/rxjh-emu/server/cmd/gameserver/packet/v21_gang.go:288.3,288.38 1 1
github.com/rxjh-emu/server/cmd/gameserver/packet/v21_gang.go:289.4,289.12 1 1
github.com/rxjh-emu/server/cmd/gameserver/packet/v21_gang.go:291.3,293.9 3 1
github.com/rxjh-emu/server/cmd/gameserver/packet/v21_gangops.go:42.2,42.27 1 1
github.com/rxjh-emu/server/cmd/gameserver/packet/v21_gangops.go:43.3,44.1 1 1
github.com/rxjh-emu/server/cmd/gameserver/packet/v21_gangops.go:48.2,48.62 1 1
github.com/rxjh-emu/server/cmd/gameserver/packet/v21_gangops.go:110.3,114.24 2 0
github.com/rxjh-emu/server/cmd/gameserver/packet/v21_gangops.go:115.4,116.1 1 0
github.com/rxjh-emu/server/cmd/gameserver/packet/v21_gangops.go:117.3,117.24 1 0
github.com/rxjh-emu/server/cmd/gameserver/packet/v21_gangops.go:125.3,132.24 2 0
github.com/rxjh-emu/server/cmd/gameserver/packet/v21_gangops.go:133.4,134.1 1 0
github.com/rxjh-emu/server/cmd/gameserver/packet/v21_gangops.go:135.3,135.23 1 0
github.com/rxjh-emu/server/cmd/gameserver/packet/v21_gangops.go:150.2,151.36 2 1
github.com/rxjh-emu/server/cmd/gameserver/packet/v21_gangops.go:152.3,153.1 1 0
github.com/rxjh-emu/server/cmd/gameserver/packet/v21_gangops.go:154.2,154.25 1 1
github.com/rxjh-emu/server/cmd/gameserver/packet/v21_gangops.go:173.2,174.9 2 1
github.com/rxjh-emu/server/cmd/gameserver/packet/v21_gangops.go:175.3,176.1 1 1
github.com/rxjh-emu/server/cmd/gameserver/packet/v21_gangops.go:178.2,179.1 4 1
github.com/rxjh-emu/server/cmd/gameserver/packet/v21_gangops.go:182.2,184.1 4 1
github.com/rxjh-emu/server/cmd/gameserver/packet/v21_gangops.go:185.2,185.37 4 1
github.com/rxjh-emu/server/cmd/gameserver/packet/v21_gangops.go:186.3,188.1 2 1
github.com/rxjh-emu/server/cmd/gameserver/packet/v21_gangops.go:189.2,189.33 1 1
github.com/rxjh-emu/server/cmd/gameserver/packet/v21_gangops.go:190.3,192.1 2 1
github.com/rxjh-emu/server/cmd/gameserver/packet/v21_gangops.go:194.2,195.16 2 1
github.com/rxjh-emu/server/cmd/gameserver/packet/v21_gangops.go:198.3,200.1 2 0
github.com/rxjh-emu/server/cmd/gameserver/packet/v21_gangops.go:204.2,205.11 2 1
github.com/rxjh-emu/server/cmd/gameserver/packet/v21_gangops.go:206.3,207.1 1 1
github.com/rxjh-emu/server/cmd/gameserver/packet/v21_gangops.go:208.2,209.1 2 1
github.com/rxjh-emu/server/cmd/gameserver/packet/v21_gangops.go:212.2,212.23 2 1
github.com/rxjh-emu/server/cmd/gameserver/packet/v21_gangops.go:221.2,222.9 2 1
github.com/rxjh-emu/server/cmd/gameserver/packet/v21_gangops.go:223.3,224.1 1 1
github.com/rxjh-emu/server/cmd/gameserver/packet/v21_gangops.go:226.2,227.1 2 1
github.com/rxjh-emu/server/cmd/gameserver/packet/v21_gangops.go:230.2,230.37 2 1
github.com/rxjh-emu/server/cmd/gameserver/packet/v21_gangops.go:231.3,233.1 2 1
github.com/rxjh-emu/server/cmd/gameserver/packet/v21_gangops.go:234.2,234.33 1 1
github.com/rxjh-emu/server/cmd/gameserver/packet/v21_gangops.go:235.3,237.1 2 1
github.com/rxjh-emu/server/cmd/gameserver/packet/v21_gangops.go:239.2,241.1 4 1
github.com/rxjh-emu/server/cmd/gameserver/packet/v21_gangops.go:242.2,243.16 4 1
github.com/rxjh-emu/server/cmd/gameserver/packet/v21_gangops.go:245.3,247.1 2 0
github.com/rxjh-emu/server/cmd/gameserver/packet/v21_gangops.go:249.2,249.14 1 1
github.com/rxjh-emu/server/cmd/gameserver/packet/v21_gangops.go:258.3,261.1 6 1
github.com/rxjh-emu/server/cmd/gameserver/packet/v21_gangops.go:264.3,265.1 6 1
github.com/rxjh-emu/server/cmd/gameserver/packet/v21_gangops.go:270.3,271.1 6 1
github.com/rxjh-emu/server/cmd/gameserver/packet/v21_gangops.go:272.3,272.31 6 1
github.com/rxjh-emu/server/cmd/gameserver/packet/v21_gangops.go:276.3,276.30 1 1
github.com/rxjh-emu/server/cmd/gameserver/packet/v21_gangops.go:281.3,282.34 2 1
github.com/rxjh-emu/server/cmd/gameserver/packet/v21_gangops.go:287.2,288.1 2 1
github.com/rxjh-emu/server/cmd/gameserver/packet/v21_gangops.go:292.2,292.52 2 1
github.com/rxjh-emu/server/cmd/gameserver/packet/v21_gangops.go:426.3,430.24 2 0
github.com/rxjh-emu/server/cmd/gameserver/packet/v21_gangops.go:431.4,432.1 1 0
github.com/rxjh-emu/server/cmd/gameserver/packet/v21_gangops.go:433.3,433.33 1 0
github.com/rxjh-emu/server/cmd/gameserver/packet/v21_gangops.go:443.3,449.24 2 0
github.com/rxjh-emu/server/cmd/gameserver/packet/v21_gangops.go:450.4,451.1 1 0
github.com/rxjh-emu/server/cmd/gameserver/packet/v21_gangops.go:452.3,452.23 1 0
github.com/rxjh-emu/server/cmd/gameserver/packet/v21_gangops.go:459.3,463.24 2 0
github.com/rxjh-emu/server/cmd/gameserver/packet/v21_gangops.go:464.4,465.1 1 0
github.com/rxjh-emu/server/cmd/gameserver/packet/v21_gangops.go:466.3,466.23 1 0
github.com/rxjh-emu/server/cmd/gameserver/packet/v21_gangops.go:476.3,481.24 2 0
github.com/rxjh-emu/server/cmd/gameserver/packet/v21_gangops.go:482.4,483.1 1 0
github.com/rxjh-emu/server/cmd/gameserver/packet/v21_gangops.go:484.3,484.23 1 0
github.com/rxjh-emu/server/cmd/gameserver/packet/v21_gangops.go:492.3,497.1 2 0
github.com/rxjh-emu/server/cmd/gameserver/packet/v21_gangops.go:505.3,510.1 2 0
github.com/rxjh-emu/server/cmd/gameserver/packet/v21_gangops.go:525.45,525.70 1 1
github.com/rxjh-emu/server/cmd/gameserver/packet/v21_gangops.go:529.48,529.76 1 1
github.com/rxjh-emu/server/cmd/gameserver/packet/v21_gangops.go:538.2,539.1 1 1
github.com/rxjh-emu/server/cmd/gameserver/packet/v21_gangops.go:550.2,550.42 1 1
github.com/rxjh-emu/server/cmd/gameserver/packet/v21_gangops.go:551.3,551.29 1 1
github.com/rxjh-emu/server/cmd/gameserver/packet/v21_gangops.go:552.4,553.1 1 1
github.com/rxjh-emu/server/cmd/gameserver/packet/v21_gangops.go:571.2,576.1 5 1
github.com/rxjh-emu/server/cmd/gameserver/packet/v21_gangops.go:581.2,582.9 2 1
github.com/rxjh-emu/server/cmd/gameserver/packet/v21_gangops.go:583.3,584.1 1 1
github.com/rxjh-emu/server/cmd/gameserver/packet/v21_gangops.go:586.2,587.46 2 1
github.com/rxjh-emu/server/cmd/gameserver/packet/v21_gangops.go:589.3,589.23 1 1
github.com/rxjh-emu/server/cmd/gameserver/packet/v21_gangops.go:591.3,591.24 1 1
github.com/rxjh-emu/server/cmd/gameserver/packet/v21_gangops.go:593.3,593.16 1 1
github.com/rxjh-emu/server/cmd/gameserver/packet/v21_gangops.go:595.3,595.21 1 1
github.com/rxjh-emu/server/cmd/gameserver/packet/v21_gangops.go:607.2,607.21 1 1
github.com/rxjh-emu/server/cmd/gameserver/packet/v21_gangops.go:608.3,609.1 1 1
github.com/rxjh-emu/server/cmd/gameserver/packet/v21_gangops.go:610.2,610.22 1 1
github.com/rxjh-emu/server/cmd/gameserver/packet/v21_gangops.go:616.2,616.22 1 1
github.com/rxjh-emu/server/cmd/gameserver/packet/v21_gangops.go:617.3,618.1 1 0
github.com/rxjh-emu/server/cmd/gameserver/packet/v21_gangops.go:619.2,619.51 1 1
github.com/rxjh-emu/server/cmd/gameserver/packet/v21_gangops.go:642.2,643.19 2 1
github.com/rxjh-emu/server/cmd/gameserver/packet/v21_gangops.go:644.3,645.1 1 1
github.com/rxjh-emu/server/cmd/gameserver/packet/v21_gangops.go:649.2,653.1 6 1
github.com/rxjh-emu/server/cmd/gameserver/packet/v21_gangops.go:659.2,660.16 6 1
github.com/rxjh-emu/server/cmd/gameserver/packet/v21_gangops.go:661.3,663.1 2 1
github.com/rxjh-emu/server/cmd/gameserver/packet/v21_gangops.go:664.2,664.12 1 1
github.com/rxjh-emu/server/cmd/gameserver/packet/v21_gangops.go:665.3,666.1 1 1
github.com/rxjh-emu/server/cmd/gameserver/packet/v21_gangops.go:668.2,668.9 1 1
github.com/rxjh-emu/server/cmd/gameserver/packet/v21_gangops.go:670.3,670.52 1 1
github.com/rxjh-emu/server/cmd/gameserver/packet/v21_gangops.go:672.3,672.50 1 1
github.com/rxjh-emu/server/cmd/gameserver/packet/v21_gangops.go:674.3,674.28 1 1
github.com/rxjh-emu/server/cmd/gameserver/packet/v21_gangops.go:675.4,676.1 1 1
github.com/rxjh-emu/server/cmd/gameserver/packet/v21_gangops.go:677.4,678.1 1 1
github.com/rxjh-emu/server/cmd/gameserver/packet/v21_gangops.go:681.3,681.28 1 1
github.com/rxjh-emu/server/cmd/gameserver/packet/v21_gangops.go:682.4,683.1 1 1
github.com/rxjh-emu/server/cmd/gameserver/packet/v21_gangops.go:684.4,685.1 1 1
github.com/rxjh-emu/server/cmd/gameserver/packet/v21_gangops.go:687.3,687.50 1 1
github.com/rxjh-emu/server/cmd/gameserver/packet/v21_gangops.go:692.2,692.23 1 1
github.com/rxjh-emu/server/cmd/gameserver/packet/v21_gangops.go:704.54,704.68 1 1
github.com/rxjh-emu/server/cmd/gameserver/packet/v21_gangops.go:715.2,716.1 2 1
github.com/rxjh-emu/server/cmd/gameserver/packet/v21_gangops.go:717.2,717.48 2 1
github.com/rxjh-emu/server/cmd/gameserver/packet/v21_gangops.go:719.3,719.26 1 1
github.com/rxjh-emu/server/cmd/gameserver/packet/v21_gangops.go:721.3,721.27 1 1
github.com/rxjh-emu/server/cmd/gameserver/packet/v21_gangops.go:723.3,723.26 1 1
github.com/rxjh-emu/server/cmd/gameserver/packet/v21_gangops.go:734.2,736.1 3 1
github.com/rxjh-emu/server/cmd/gameserver/packet/v21_gangops.go:737.2,737.20 3 1
github.com/rxjh-emu/server/cmd/gameserver/packet/v21_gangops.go:738.3,742.1 5 1
github.com/rxjh-emu/server/cmd/gameserver/packet/v21_gangops.go:747.3,747.73 5 1
github.com/rxjh-emu/server/cmd/gameserver/packet/v21_gangops.go:748.4,750.1 2 1
github.com/rxjh-emu/server/cmd/gameserver/packet/v21_gangops.go:753.2,755.36 3 1
github.com/rxjh-emu/server/cmd/gameserver/packet/v21_gangops.go:761.2,763.1 3 1
github.com/rxjh-emu/server/cmd/gameserver/packet/v21_gangops.go:764.2,764.20 3 1
github.com/rxjh-emu/server/cmd/gameserver/packet/v21_gangops.go:765.3,768.1 3 1
github.com/rxjh-emu/server/cmd/gameserver/packet/v21_gangops.go:770.2,770.23 1 1
github.com/rxjh-emu/server/cmd/gameserver/packet/v21_gangops.go:778.2,780.1 3 1
github.com/rxjh-emu/server/cmd/gameserver/packet/v21_gangops.go:781.2,781.20 3 1
github.com/rxjh-emu/server/cmd/gameserver/packet/v21_gangops.go:782.3,784.1 2 1
github.com/rxjh-emu/server/cmd/gameserver/packet/v21_gangops.go:786.2,786.23 1 1
github.com/rxjh-emu/server/cmd/gameserver/packet/v21_gangops.go:804.2,804.53 1 1
github.com/rxjh-emu/server/cmd/gameserver/packet/v21_gangops.go:805.3,807.1 2 1
github.com/rxjh-emu/server/cmd/gameserver/packet/v21_gangops.go:809.2,813.1 5 1
github.com/rxjh-emu/server/cmd/gameserver/packet/v21_gangops.go:814.2,814.51 5 1
github.com/rxjh-emu/server/cmd/gameserver/packet/v21_gangops.go:819.3,819.51 1 1
github.com/rxjh-emu/server/cmd/gameserver/packet/v21_gangops.go:820.4,822.1 2 1
github.com/rxjh-emu/server/cmd/gameserver/packet/v21_gangops.go:823.3,823.43 1 1
github.com/rxjh-emu/server/cmd/gameserver/packet/v21_gangops.go:824.4,824.30 1 1
github.com/rxjh-emu/server/cmd/gameserver/packet/v21_gangops.go:825.5,825.13 1 1
github.com/rxjh-emu/server/cmd/gameserver/packet/v21_gangops.go:827.4,827.68 1 1
github.com/rxjh-emu/server/cmd/gameserver/packet/v21_gangops.go:833.5,835.1 2 1
github.com/rxjh-emu/server/cmd/gameserver/packet/v21_gangops.go:836.4,839.29 4 1
github.com/rxjh-emu/server/cmd/gameserver/packet/v21_gangops.go:842.3,842.50 1 1
github.com/rxjh-emu/server/cmd/gameserver/packet/v21_gangops.go:843.4,845.1 2 1
github.com/rxjh-emu/server/cmd/gameserver/packet/v21_gangops.go:846.3,846.9 1 1
github.com/rxjh-emu/server/cmd/gameserver/packet/v21_gangops.go:851.2,851.54 1 1
github.com/rxjh-emu/server/cmd/gameserver/packet/v21_gangops.go:852.3,854.1 2 1
github.com/rxjh-emu/server/cmd/gameserver/packet/v21_gangops.go:855.2,858.36 4 1
github.com/rxjh-emu/server/cmd/gameserver/packet/v21_gangops.go:880.2,881.1 3 1
github.com/rxjh-emu/server/cmd/gameserver/packet/v21_gangops.go:882.2,883.16 3 1
github.com/rxjh-emu/server/cmd/gameserver/packet/v21_gangops.go:884.3,886.1 2 1
github.com/rxjh-emu/server/cmd/gameserver/packet/v21_gangops.go:887.2,887.12 1 1
github.com/rxjh-emu/server/cmd/gameserver/packet/v21_gangops.go:888.3,889.1 1 1
github.com/rxjh-emu/server/cmd/gameserver/packet/v21_gangops.go:891.2,891.53 1 1
github.com/rxjh-emu/server/cmd/gameserver/packet/v21_gangops.go:892.3,894.1 2 1
github.com/rxjh-emu/server/cmd/gameserver/packet/v21_gangops.go:896.2,896.32 1 1
github.com/rxjh-emu/server/cmd/gameserver/packet/v21_gangops.go:897.3,898.1 1 1
github.com/rxjh-emu/server/cmd/gameserver/packet/v21_gangops.go:900.2,901.16 2 1
github.com/rxjh-emu/server/cmd/gameserver/packet/v21_gangops.go:902.3,904.1 2 1
github.com/rxjh-emu/server/cmd/gameserver/packet/v21_gangops.go:905.2,905.15 1 1
github.com/rxjh-emu/server/cmd/gameserver/packet/v21_gangops.go:908.3,909.1 1 0
github.com/rxjh-emu/server/cmd/gameserver/packet/v21_gangops.go:918.2,921.1 4 1
github.com/rxjh-emu/server/cmd/gameserver/packet/v21_gangops.go:922.2,922.58 4 1
github.com/rxjh-emu/server/cmd/gameserver/packet/v21_gangops.go:923.3,924.1 2 1
github.com/rxjh-emu/server/cmd/gameserver/packet/v21_gangops.go:933.3,934.1 2 1
github.com/rxjh-emu/server/cmd/gameserver/packet/v21_gangops.go:943.2,943.36 1 1
github.com/rxjh-emu/server/cmd/gameserver/packet/v21_gangops.go:944.3,945.1 1 0
github.com/rxjh-emu/server/cmd/gameserver/packet/v21_gangops.go:946.2,947.36 2 1
github.com/rxjh-emu/server/cmd/gameserver/packet/v21_gangops.go:948.3,949.1 1 0
github.com/rxjh-emu/server/cmd/gameserver/packet/v21_gangops.go:950.2,950.24 1 1
github.com/rxjh-emu/server/cmd/gameserver/packet/v21_gangops.go:958.2,959.1 1 1
github.com/rxjh-emu/server/cmd/gameserver/packet/v21_gangops.go:1056.3,1065.1 2 0
github.com/rxjh-emu/server/cmd/gameserver/packet/v21_gangops.go:1072.3,1078.1 2 0
github.com/rxjh-emu/server/cmd/gameserver/packet/v21_gangops.go:1088.2,1088.40 1 1
github.com/rxjh-emu/server/cmd/gameserver/packet/v21_gangops.go:1089.3,1090.1 1 0
github.com/rxjh-emu/server/cmd/gameserver/packet/v21_gangops.go:1091.2,1092.39 2 1
github.com/rxjh-emu/server/cmd/gameserver/packet/v21_gangops.go:1093.3,1094.1 1 1
github.com/rxjh-emu/server/cmd/gameserver/packet/v21_gangops.go:1095.2,1095.74 1 1
github.com/rxjh-emu/server/cmd/gameserver/packet/v21_gangops.go:1102.2,1102.38 1 1
github.com/rxjh-emu/server/cmd/gameserver/packet/v21_gangops.go:1103.3,1104.1 1 0
github.com/rxjh-emu/server/cmd/gameserver/packet/v21_gangops.go:1105.2,1106.39 2 1
github.com/rxjh-emu/server/cmd/gameserver/packet/v21_gangops.go:1107.3,1108.1 1 1
github.com/rxjh-emu/server/cmd/gameserver/packet/v21_gangops.go:1109.2,1109.24 1 1
github.com/rxjh-emu/server/cmd/gameserver/packet/v21_gangops.go:1117.2,1117.50 1 1
github.com/rxjh-emu/server/cmd/gameserver/packet/v21_gangops.go:1122.3,1123.1 1 1
github.com/rxjh-emu/server/cmd/gameserver/packet/v21_gangops.go:1124.2,1124.48 1 1
github.com/rxjh-emu/server/cmd/gameserver/packet/v21_gangops.go:1125.3,1125.35 1 1
github.com/rxjh-emu/server/cmd/gameserver/packet/v21_gangops.go:1126.4,1127.1 1 1
github.com/rxjh-emu/server/cmd/gameserver/packet/v21_gangops.go:1129.2,1129.20 1 1
github.com/rxjh-emu/server/cmd/gameserver/packet/v21_gangops.go:1136.2,1137.21 2 1
github.com/rxjh-emu/server/cmd/gameserver/packet/v21_gangops.go:1138.3,1139.1 1 0
github.com/rxjh-emu/server/cmd/gameserver/packet/v21_gangops.go:1140.2,1140.26 1 1
github.com/rxjh-emu/server/cmd/gameserver/packet/v21_gangops.go:1148.2,1148.24 1 1
github.com/rxjh-emu/server/cmd/gameserver/packet/v21_gangops.go:1149.3,1150.1 1 0
github.com/rxjh-emu/server/cmd/gameserver/packet/v21_gangops.go:1151.2,1151.25 1 1
github.com/rxjh-emu/server/cmd/gameserver/packet/v21_gangops.go:1171.2,1172.9 2 1
github.com/rxjh-emu/server/cmd/gameserver/packet/v21_gangops.go:1173.3,1174.1 1 1
github.com/rxjh-emu/server/cmd/gameserver/packet/v21_gangops.go:1176.2,1177.1 5 1
github.com/rxjh-emu/server/cmd/gameserver/packet/v21_gangops.go:1181.2,1182.1 5 1
github.com/rxjh-emu/server/cmd/gameserver/packet/v21_gangops.go:1186.2,1187.1 5 1
github.com/rxjh-emu/server/cmd/gameserver/packet/v21_gangops.go:1190.2,1191.19 5 1
github.com/rxjh-emu/server/cmd/gameserver/packet/v21_gangops.go:1192.3,1193.1 2 1
github.com/rxjh-emu/server/cmd/gameserver/packet/v21_gangops.go:1194.3,1194.34 2 1
github.com/rxjh-emu/server/cmd/gameserver/packet/v21_gangops.go:1198.4,1199.1 1 1
github.com/rxjh-emu/server/cmd/gameserver/packet/v21_gangops.go:1205.3,1206.56 1 1
github.com/rxjh-emu/server/cmd/gameserver/packet/v21_gangops.go:1214.4,1217.1 2 1
github.com/rxjh-emu/server/cmd/gameserver/packet/v21_gangops.go:1219.3,1220.1 2 1
github.com/rxjh-emu/server/cmd/gameserver/packet/v21_gangops.go:1225.3,1225.60 2 1
github.com/rxjh-emu/server/cmd/gameserver/packet/v21_gangops.go:1227.3,1228.1 1 1
github.com/rxjh-emu/server/cmd/gameserver/packet/v21_gangops.go:1230.2,1230.23 1 1
github.com/rxjh-emu/server/cmd/gameserver/packet/v21_gangops.go:1245.2,1246.9 2 1
github.com/rxjh-emu/server/cmd/gameserver/packet/v21_gangops.go:1247.3,1248.1 1 1
github.com/rxjh-emu/server/cmd/gameserver/packet/v21_gangops.go:1252.2,1253.13 2 1
github.com/rxjh-emu/server/cmd/gameserver/packet/v21_gangops.go:1254.3,1255.1 1 1
github.com/rxjh-emu/server/cmd/gameserver/packet/v21_gangops.go:1257.2,1257.51 1 1
github.com/rxjh-emu/server/cmd/gameserver/packet/v21_gangops.go:1258.3,1260.1 2 1
github.com/rxjh-emu/server/cmd/gameserver/packet/v21_gangops.go:1268.2,1268.70 1 1
github.com/rxjh-emu/server/cmd/gameserver/packet/v21_gangops.go:1269.3,1271.1 2 1
github.com/rxjh-emu/server/cmd/gameserver/packet/v21_gangops.go:1278.2,1278.55 1 1
github.com/rxjh-emu/server/cmd/gameserver/packet/v21_gangops.go:1336.3,1340.24 2 0
github.com/rxjh-emu/server/cmd/gameserver/packet/v21_gangops.go:1341.4,1342.1 1 0
github.com/rxjh-emu/server/cmd/gameserver/packet/v21_gangops.go:1343.3,1343.35 1 0
github.com/rxjh-emu/server/cmd/gameserver/packet/v21_gangops.go:1354.3,1361.1 2 0
github.com/rxjh-emu/server/cmd/gameserver/packet/v21_gangops.go:1372.2,1373.42 2 1
github.com/rxjh-emu/server/cmd/gameserver/packet/v21_gangops.go:1374.3,1375.1 1 1
github.com/rxjh-emu/server/cmd/gameserver/packet/v21_gangops.go:1376.2,1377.14 2 1
github.com/rxjh-emu/server/cmd/gameserver/packet/v21_gangops.go:1385.2,1385.22 1 1
github.com/rxjh-emu/server/cmd/gameserver/packet/v21_gangops.go:1386.3,1387.1 1 1
github.com/rxjh-emu/server/cmd/gameserver/packet/v21_gangops.go:1388.2,1388.51 1 1
github.com/rxjh-emu/server/cmd/gameserver/packet/v21_gangops.go:1405.2,1406.1 5 1
github.com/rxjh-emu/server/cmd/gameserver/packet/v21_gangops.go:1407.2,1411.1 5 1
github.com/rxjh-emu/server/cmd/gameserver/packet/v21_gangops.go:1424.2,1425.9 2 1
github.com/rxjh-emu/server/cmd/gameserver/packet/v21_gangops.go:1426.3,1427.1 1 1
github.com/rxjh-emu/server/cmd/gameserver/packet/v21_gangops.go:1429.2,1430.1 4 1
github.com/rxjh-emu/server/cmd/gameserver/packet/v21_gangops.go:1432.2,1433.1 4 1
github.com/rxjh-emu/server/cmd/gameserver/packet/v21_gangops.go:1437.2,1438.53 4 1
github.com/rxjh-emu/server/cmd/gameserver/packet/v21_gangops.go:1441.3,1442.1 1 1
github.com/rxjh-emu/server/cmd/gameserver/packet/v21_gangops.go:1448.2,1448.38 1 1
github.com/rxjh-emu/server/cmd/gameserver/packet/v21_gangops.go:1460.2,1461.9 2 1
github.com/rxjh-emu/server/cmd/gameserver/packet/v21_gangops.go:1462.3,1463.1 1 1
github.com/rxjh-emu/server/cmd/gameserver/packet/v21_gangops.go:1467.2,1468.1 3 1
github.com/rxjh-emu/server/cmd/gameserver/packet/v21_gangops.go:1469.2,1470.16 3 1
github.com/rxjh-emu/server/cmd/gameserver/packet/v21_gangops.go:1472.3,1474.1 2 1
github.com/rxjh-emu/server/cmd/gameserver/packet/v21_gangops.go:1475.2,1475.13 1 1
github.com/rxjh-emu/server/cmd/gameserver/packet/v21_gangops.go:1476.3,1477.1 1 1
github.com/rxjh-emu/server/cmd/gameserver/packet/v21_gangops.go:1479.2,1479.38 1 1
github.com/rxjh-emu/server/cmd/gameserver/packet/v21_ground.go:36.2,37.1 2 1
github.com/rxjh-emu/server/cmd/gameserver/packet/v21_ground.go:38.2,38.59 2 1
github.com/rxjh-emu/server/cmd/gameserver/packet/v21_ground.go:39.3,40.23 2 1
github.com/rxjh-emu/server/cmd/gameserver/packet/v21_ground.go:41.4,42.1 1 1
github.com/rxjh-emu/server/cmd/gameserver/packet/v21_ground.go:43.3,44.1 2 1
github.com/rxjh-emu/server/cmd/gameserver/packet/v21_ground.go:45.3,45.65 2 1
github.com/rxjh-emu/server/cmd/gameserver/packet/v21_ground.go:46.4,47.28 2 1
github.com/rxjh-emu/server/cmd/gameserver/packet/v21_ground.go:48.5,49.1 1 1
github.com/rxjh-emu/server/cmd/gameserver/packet/v21_ground.go:57.2,58.1 10 1
github.com/rxjh-emu/server/cmd/gameserver/packet/v21_ground.go:59.2,68.1 10 1
github.com/rxjh-emu/server/cmd/gameserver/packet/v21_ground.go:72.2,73.33 2 1
github.com/rxjh-emu/server/cmd/gameserver/packet/v21_ground.go:74.3,75.65 2 1
github.com/rxjh-emu/server/cmd/gameserver/packet/v21_ground.go:76.4,77.1 1 1
github.com/rxjh-emu/server/cmd/gameserver/packet/v21_ground.go:86.2,87.1 6 0
github.com/rxjh-emu/server/cmd/gameserver/packet/v21_ground.go:88.2,92.1 6 0
github.com/rxjh-emu/server/cmd/gameserver/packet/v21_ground.go:93.2,94.1 6 0
github.com/rxjh-emu/server/cmd/gameserver/packet/v21_ground.go:105.2,106.9 2 0
github.com/rxjh-emu/server/cmd/gameserver/packet/v21_ground.go:107.3,108.1 1 0
github.com/rxjh-emu/server/cmd/gameserver/packet/v21_ground.go:109.2,110.9 2 0
github.com/rxjh-emu/server/cmd/gameserver/packet/v21_ground.go:111.3,112.1 1 0
github.com/rxjh-emu/server/cmd/gameserver/packet/v21_ground.go:114.2,115.18 2 0
github.com/rxjh-emu/server/cmd/gameserver/packet/v21_ground.go:116.3,117.1 1 0
github.com/rxjh-emu/server/cmd/gameserver/packet/v21_ground.go:119.2,119.52 1 0
github.com/rxjh-emu/server/cmd/gameserver/packet/v21_ground.go:154.2,154.20 1 1
github.com/rxjh-emu/server/cmd/gameserver/packet/v21_ground.go:156.3,157.1 1 1
github.com/rxjh-emu/server/cmd/gameserver/packet/v21_ground.go:157.9,157.42 1 1
github.com/rxjh-emu/server/cmd/gameserver/packet/v21_ground.go:158.3,158.83 1 1
github.com/rxjh-emu/server/cmd/gameserver/packet/v21_ground.go:159.4,160.1 3 1
github.com/rxjh-emu/server/cmd/gameserver/packet/v21_ground.go:162.4,164.1 3 1
github.com/rxjh-emu/server/cmd/gameserver/packet/v21_ground.go:167.2,167.51 1 1
github.com/rxjh-emu/server/cmd/gameserver/packet/v21_ground.go:176.3,177.1 1 1
github.com/rxjh-emu/server/cmd/gameserver/packet/v21_ground.go:179.2,180.17 2 1
github.com/rxjh-emu/server/cmd/gameserver/packet/v21_ground.go:182.3,182.38 1 1
github.com/rxjh-emu/server/cmd/gameserver/packet/v21_ground.go:184.3,184.39 1 1
github.com/rxjh-emu/server/cmd/gameserver/packet/v21_ground.go:186.3,186.35 1 1
github.com/rxjh-emu/server/cmd/gameserver/packet/v21_ground.go:195.2,196.1 1 1
github.com/rxjh-emu/server/cmd/gameserver/packet/v21_ground.go:201.2,202.1 1 1
github.com/rxjh-emu/server/cmd/gameserver/packet/v21_ground.go:210.2,210.35 1 1
github.com/rxjh-emu/server/cmd/gameserver/packet/v21_ground.go:211.3,211.17 1 1
github.com/rxjh-emu/server/cmd/gameserver/packet/v21_ground.go:212.4,213.1 1 0
github.com/rxjh-emu/server/cmd/gameserver/packet/v21_ground.go:215.2,215.14 1 1
github.com/rxjh-emu/server/cmd/gameserver/packet/v21_ground.go:222.2,225.1 4 1
github.com/rxjh-emu/server/cmd/gameserver/packet/v21_ground.go:226.2,227.1 4 1
github.com/rxjh-emu/server/cmd/gameserver/packet/v21_ground.go:236.2,239.1 4 1
github.com/rxjh-emu/server/cmd/gameserver/packet/v21_ground.go:240.2,241.1 4 1
github.com/rxjh-emu/server/cmd/gameserver/packet/v21_ground.go:248.2,251.1 4 1
github.com/rxjh-emu/server/cmd/gameserver/packet/v21_ground.go:252.2,253.1 4 1
github.com/rxjh-emu/server/cmd/gameserver/packet/v21_ground.go:259.2,260.19 2 1
github.com/rxjh-emu/server/cmd/gameserver/packet/v21_ground.go:261.3,262.1 1 0
github.com/rxjh-emu/server/cmd/gameserver/packet/v21_ground.go:264.2,267.1 4 1
github.com/rxjh-emu/server/cmd/gameserver/packet/v21_ground.go:268.2,268.23 4 1
github.com/rxjh-emu/server/cmd/gameserver/packet/v21_ground.go:278.2,279.1 6 1
github.com/rxjh-emu/server/cmd/gameserver/packet/v21_ground.go:280.2,284.1 6 1
github.com/rxjh-emu/server/cmd/gameserver/packet/v21_ground.go:285.2,285.19 6 1
github.com/rxjh-emu/server/cmd/gameserver/packet/v21_ground.go:286.3,287.1 1 0
github.com/rxjh-emu/server/cmd/gameserver/packet/v21_itemops.go:124.2,124.60 1 1
github.com/rxjh-emu/server/cmd/gameserver/packet/v21_itemops.go:125.3,126.1 1 1
github.com/rxjh-emu/server/cmd/gameserver/packet/v21_itemops.go:128.2,133.9 1 1
github.com/rxjh-emu/server/cmd/gameserver/packet/v21_itemops.go:139.46,139.57 1 0
github.com/rxjh-emu/server/cmd/gameserver/packet/v21_itemops.go:147.2,148.1 3 1
github.com/rxjh-emu/server/cmd/gameserver/packet/v21_itemops.go:149.2,150.76 3 1
github.com/rxjh-emu/server/cmd/gameserver/packet/v21_itemops.go:151.3,154.1 3 1
github.com/rxjh-emu/server/cmd/gameserver/packet/v21_itemops.go:163.2,164.47 2 1
github.com/rxjh-emu/server/cmd/gameserver/packet/v21_itemops.go:165.3,166.1 1 1
github.com/rxjh-emu/server/cmd/gameserver/packet/v21_itemops.go:174.2,175.22 2 1
github.com/rxjh-emu/server/cmd/gameserver/packet/v21_itemops.go:176.3,177.1 1 1
github.com/rxjh-emu/server/cmd/gameserver/packet/v21_itemops.go:179.2,180.9 2 1
github.com/rxjh-emu/server/cmd/gameserver/packet/v21_itemops.go:181.3,182.1 1 1
github.com/rxjh-emu/server/cmd/gameserver/packet/v21_itemops.go:184.2,188.3 1 1
github.com/rxjh-emu/server/cmd/gameserver/packet/v21_itemops.go:195.2,196.22 2 1
github.com/rxjh-emu/server/cmd/gameserver/packet/v21_itemops.go:197.3,198.1 1 1
github.com/rxjh-emu/server/cmd/gameserver/packet/v21_itemops.go:200.2,201.1 2 1
github.com/rxjh-emu/server/cmd/gameserver/packet/v21_itemops.go:202.2,202.32 2 1
github.com/rxjh-emu/server/cmd/gameserver/packet/v21_itemops.go:203.3,204.1 1 1
github.com/rxjh-emu/server/cmd/gameserver/packet/v21_itemops.go:206.2,206.73 1 1
github.com/rxjh-emu/server/cmd/gameserver/packet/v21_itemops.go:208.3,208.69 1 1
github.com/rxjh-emu/server/cmd/gameserver/packet/v21_itemops.go:210.3,210.20 1 1
github.com/rxjh-emu/server/cmd/gameserver/packet/v21_itemops.go:219.2,219.49 1 1
github.com/rxjh-emu/server/cmd/gameserver/packet/v21_itemops.go:220.3,221.1 1 1
github.com/rxjh-emu/server/cmd/gameserver/packet/v21_itemops.go:227.2,228.58 1 1
github.com/rxjh-emu/server/cmd/gameserver/packet/v21_itemops.go:229.3,230.1 1 1
github.com/rxjh-emu/server/cmd/gameserver/packet/v21_itemops.go:232.2,232.14 1 1
github.com/rxjh-emu/server/cmd/gameserver/packet/v21_itemops.go:234.3,234.13 1 1
github.com/rxjh-emu/server/cmd/gameserver/packet/v21_itemops.go:236.4,236.45 1 1
github.com/rxjh-emu/server/cmd/gameserver/packet/v21_itemops.go:238.4,238.46 1 1
github.com/rxjh-emu/server/cmd/gameserver/packet/v21_itemops.go:240.4,240.37 1 1
github.com/rxjh-emu/server/cmd/gameserver/packet/v21_itemops.go:242.4,242.55 1 0
github.com/rxjh-emu/server/cmd/gameserver/packet/v21_itemops.go:244.4,244.52 1 0
github.com/rxjh-emu/server/cmd/gameserver/packet/v21_itemops.go:246.4,246.41 1 1
github.com/rxjh-emu/server/cmd/gameserver/packet/v21_itemops.go:249.3,249.13 1 1
github.com/rxjh-emu/server/cmd/gameserver/packet/v21_itemops.go:251.4,251.38 1 0
github.com/rxjh-emu/server/cmd/gameserver/packet/v21_itemops.go:253.4,253.46 1 1
github.com/rxjh-emu/server/cmd/gameserver/packet/v21_itemops.go:255.4,255.37 1 1
github.com/rxjh-emu/server/cmd/gameserver/packet/v21_itemops.go:258.3,258.13 1 1
github.com/rxjh-emu/server/cmd/gameserver/packet/v21_itemops.go:260.4,260.45 1 0
github.com/rxjh-emu/server/cmd/gameserver/packet/v21_itemops.go:262.4,262.37 1 1
github.com/rxjh-emu/server/cmd/gameserver/packet/v21_itemops.go:264.4,264.38 1 1
github.com/rxjh-emu/server/cmd/gameserver/packet/v21_itemops.go:267.3,267.13 1 0
github.com/rxjh-emu/server/cmd/gameserver/packet/v21_itemops.go:269.4,269.42 1 0
github.com/rxjh-emu/server/cmd/gameserver/packet/v21_itemops.go:274.4,274.43 1 0
github.com/rxjh-emu/server/cmd/gameserver/packet/v21_itemops.go:277.3,277.13 1 1
github.com/rxjh-emu/server/cmd/gameserver/packet/v21_itemops.go:279.4,279.41 1 1
github.com/rxjh-emu/server/cmd/gameserver/packet/v21_itemops.go:281.4,281.42 1 1
github.com/rxjh-emu/server/cmd/gameserver/packet/v21_itemops.go:293.2,294.40 2 1
github.com/rxjh-emu/server/cmd/gameserver/packet/v21_itemops.go:295.3,296.1 1 1
github.com/rxjh-emu/server/cmd/gameserver/packet/v21_itemops.go:298.2,298.51 1 1
github.com/rxjh-emu/server/cmd/gameserver/packet/v21_itemops.go:299.3,300.13 2 1
github.com/rxjh-emu/server/cmd/gameserver/packet/v21_itemops.go:301.4,302.1 1 0
github.com/rxjh-emu/server/cmd/gameserver/packet/v21_itemops.go:305.3,305.71 1 1
github.com/rxjh-emu/server/cmd/gameserver/packet/v21_itemops.go:306.4,307.1 1 1
github.com/rxjh-emu/server/cmd/gameserver/packet/v21_itemops.go:310.2,310.63 1 1
github.com/rxjh-emu/server/cmd/gameserver/packet/v21_itemops.go:316.2,317.40 2 1
github.com/rxjh-emu/server/cmd/gameserver/packet/v21_itemops.go:318.3,319.1 1 1
github.com/rxjh-emu/server/cmd/gameserver/packet/v21_itemops.go:321.2,321.57 1 1
github.com/rxjh-emu/server/cmd/gameserver/packet/v21_itemops.go:322.3,323.1 1 1
github.com/rxjh-emu/server/cmd/gameserver/packet/v21_itemops.go:328.2,329.45 1 1
github.com/rxjh-emu/server/cmd/gameserver/packet/v21_itemops.go:330.3,331.1 1 0
github.com/rxjh-emu/server/cmd/gameserver/packet/v21_itemops.go:333.2,333.79 1 1
github.com/rxjh-emu/server/cmd/gameserver/packet/v21_itemops.go:334.3,335.1 1 1
github.com/rxjh-emu/server/cmd/gameserver/packet/v21_itemops.go:337.2,337.23 1 1
github.com/rxjh-emu/server/cmd/gameserver/packet/v21_itemops.go:338.3,338.33 1 1
github.com/rxjh-emu/server/cmd/gameserver/packet/v21_itemops.go:339.4,339.74 1 0
github.com/rxjh-emu/server/cmd/gameserver/packet/v21_itemops.go:340.5,341.1 1 0
github.com/rxjh-emu/server/cmd/gameserver/packet/v21_itemops.go:342.10,342.36 1 1
github.com/rxjh-emu/server/cmd/gameserver/packet/v21_itemops.go:343.4,344.1 1 1
github.com/rxjh-emu/server/cmd/gameserver/packet/v21_itemops.go:347.2,347.31 1 1
github.com/rxjh-emu/server/cmd/gameserver/packet/v21_itemops.go:348.3,349.1 1 0
github.com/rxjh-emu/server/cmd/gameserver/packet/v21_itemops.go:351.2,351.51 1 1
github.com/rxjh-emu/server/cmd/gameserver/packet/v21_itemops.go:352.3,352.41 1 1
github.com/rxjh-emu/server/cmd/gameserver/packet/v21_itemops.go:353.4,354.1 1 0
github.com/rxjh-emu/server/cmd/gameserver/packet/v21_itemops.go:355.3,357.9 3 1
github.com/rxjh-emu/server/cmd/gameserver/packet/v21_itemops.go:360.2,360.55 1 0
github.com/rxjh-emu/server/cmd/gameserver/packet/v21_itemops.go:361.3,362.1 1 0
github.com/rxjh-emu/server/cmd/gameserver/packet/v21_itemops.go:364.2,365.18 2 0
github.com/rxjh-emu/server/cmd/gameserver/packet/v21_itemops.go:372.2,373.34 2 1
github.com/rxjh-emu/server/cmd/gameserver/packet/v21_itemops.go:374.3,375.1 1 1
github.com/rxjh-emu/server/cmd/gameserver/packet/v21_itemops.go:377.2,377.53 1 1
github.com/rxjh-emu/server/cmd/gameserver/packet/v21_itemops.go:378.3,379.1 1 1
github.com/rxjh-emu/server/cmd/gameserver/packet/v21_itemops.go:381.2,381.65 1 1
github.com/rxjh-emu/server/cmd/gameserver/packet/v21_itemops.go:390.2,391.9 2 0
github.com/rxjh-emu/server/cmd/gameserver/packet/v21_itemops.go:392.3,393.1 1 0
github.com/rxjh-emu/server/cmd/gameserver/packet/v21_itemops.go:395.2,395.83 1 0
github.com/rxjh-emu/server/cmd/gameserver/packet/v21_itemops.go:396.3,397.1 1 0
github.com/rxjh-emu/server/cmd/gameserver/packet/v21_itemops.go:399.2,399.79 1 0
github.com/rxjh-emu/server/cmd/gameserver/packet/v21_itemops.go:400.3,401.1 1 0
github.com/rxjh-emu/server/cmd/gameserver/packet/v21_itemops.go:402.2,402.39 1 0
github.com/rxjh-emu/server/cmd/gameserver/packet/v21_itemops.go:403.3,404.1 1 0
github.com/rxjh-emu/server/cmd/gameserver/packet/v21_itemops.go:405.2,405.60 1 0
github.com/rxjh-emu/server/cmd/gameserver/packet/v21_itemops.go:406.3,407.1 1 0
github.com/rxjh-emu/server/cmd/gameserver/packet/v21_itemops.go:409.2,409.41 1 0
github.com/rxjh-emu/server/cmd/gameserver/packet/v21_itemops.go:412.3,412.70 1 0
github.com/rxjh-emu/server/cmd/gameserver/packet/v21_itemops.go:413.4,414.1 1 0
github.com/rxjh-emu/server/cmd/gameserver/packet/v21_itemops.go:415.3,417.9 3 0
github.com/rxjh-emu/server/cmd/gameserver/packet/v21_itemops.go:420.2,420.45 1 0
github.com/rxjh-emu/server/cmd/gameserver/packet/v21_itemops.go:421.3,422.1 1 0
github.com/rxjh-emu/server/cmd/gameserver/packet/v21_itemops.go:424.2,425.18 2 0
github.com/rxjh-emu/server/cmd/gameserver/packet/v21_itemops.go:432.2,432.81 1 1
github.com/rxjh-emu/server/cmd/gameserver/packet/v21_itemops.go:433.3,434.1 1 1
github.com/rxjh-emu/server/cmd/gameserver/packet/v21_itemops.go:436.2,437.34 2 1
github.com/rxjh-emu/server/cmd/gameserver/packet/v21_itemops.go:445.2,446.9 2 0
github.com/rxjh-emu/server/cmd/gameserver/packet/v21_itemops.go:447.3,448.1 1 0
github.com/rxjh-emu/server/cmd/gameserver/packet/v21_itemops.go:450.2,450.73 1 0
github.com/rxjh-emu/server/cmd/gameserver/packet/v21_itemops.go:451.3,452.1 1 0
github.com/rxjh-emu/server/cmd/gameserver/packet/v21_itemops.go:454.2,454.52 1 0
github.com/rxjh-emu/server/cmd/gameserver/packet/v21_itemops.go:455.3,458.1 3 0
github.com/rxjh-emu/server/cmd/gameserver/packet/v21_itemops.go:460.2,460.56 1 0
github.com/rxjh-emu/server/cmd/gameserver/packet/v21_itemops.go:461.3,462.1 1 0
github.com/rxjh-emu/server/cmd/gameserver/packet/v21_itemops.go:464.2,465.18 2 0
github.com/rxjh-emu/server/cmd/gameserver/packet/v21_itemops.go:474.2,475.81 2 1
github.com/rxjh-emu/server/cmd/gameserver/packet/v21_itemops.go:476.3,477.1 1 1
github.com/rxjh-emu/server/cmd/gameserver/packet/v21_itemops.go:479.2,479.50 1 1
github.com/rxjh-emu/server/cmd/gameserver/packet/v21_itemops.go:480.3,483.1 3 1
github.com/rxjh-emu/server/cmd/gameserver/packet/v21_itemops.go:485.2,486.9 2 1
github.com/rxjh-emu/server/cmd/gameserver/packet/v21_itemops.go:487.3,488.1 1 0
github.com/rxjh-emu/server/cmd/gameserver/packet/v21_itemops.go:489.2,490.59 2 1
github.com/rxjh-emu/server/cmd/gameserver/packet/v21_itemops.go:491.3,492.1 1 1
github.com/rxjh-emu/server/cmd/gameserver/packet/v21_itemops.go:494.2,495.18 2 0
github.com/rxjh-emu/server/cmd/gameserver/packet/v21_itemops.go:503.2,504.1 1 1
github.com/rxjh-emu/server/cmd/gameserver/packet/v21_itemops.go:511.2,512.1 1 0
github.com/rxjh-emu/server/cmd/gameserver/packet/v21_itemops.go:517.2,518.9 2 1
github.com/rxjh-emu/server/cmd/gameserver/packet/v21_itemops.go:519.3,520.1 1 0
github.com/rxjh-emu/server/cmd/gameserver/packet/v21_itemops.go:522.2,522.79 1 1
github.com/rxjh-emu/server/cmd/gameserver/packet/v21_itemops.go:523.3,524.1 1 0
github.com/rxjh-emu/server/cmd/gameserver/packet/v21_itemops.go:525.2,525.40 1 1
github.com/rxjh-emu/server/cmd/gameserver/packet/v21_itemops.go:526.3,527.1 1 0
github.com/rxjh-emu/server/cmd/gameserver/packet/v21_itemops.go:528.2,528.31 1 1
github.com/rxjh-emu/server/cmd/gameserver/packet/v21_itemops.go:529.3,530.1 1 0
github.com/rxjh-emu/server/cmd/gameserver/packet/v21_itemops.go:532.2,532.41 1 1
github.com/rxjh-emu/server/cmd/gameserver/packet/v21_itemops.go:533.3,533.41 1 1
github.com/rxjh-emu/server/cmd/gameserver/packet/v21_itemops.go:534.4,535.1 1 1
github.com/rxjh-emu/server/cmd/gameserver/packet/v21_itemops.go:536.3,538.9 3 1
github.com/rxjh-emu/server/cmd/gameserver/packet/v21_itemops.go:541.2,541.45 1 0
github.com/rxjh-emu/server/cmd/gameserver/packet/v21_itemops.go:542.3,543.1 1 0
github.com/rxjh-emu/server/cmd/gameserver/packet/v21_itemops.go:545.2,546.18 2 0
github.com/rxjh-emu/server/cmd/gameserver/packet/v21_itemops.go:554.2,555.50 2 0
github.com/rxjh-emu/server/cmd/gameserver/packet/v21_itemops.go:556.3,557.1 1 0
github.com/rxjh-emu/server/cmd/gameserver/packet/v21_itemops.go:559.2,559.50 1 0
github.com/rxjh-emu/server/cmd/gameserver/packet/v21_itemops.go:560.3,563.1 3 0
github.com/rxjh-emu/server/cmd/gameserver/packet/v21_itemops.go:565.2,566.9 2 0
github.com/rxjh-emu/server/cmd/gameserver/packet/v21_itemops.go:567.3,568.1 1 0
github.com/rxjh-emu/server/cmd/gameserver/packet/v21_itemops.go:569.2,570.59 2 0
github.com/rxjh-emu/server/cmd/gameserver/packet/v21_itemops.go:571.3,572.1 1 0
github.com/rxjh-emu/server/cmd/gameserver/packet/v21_itemops.go:574.2,575.18 2 0
github.com/rxjh-emu/server/cmd/gameserver/packet/v21_itemops.go:583.2,583.23 1 1
github.com/rxjh-emu/server/cmd/gameserver/packet/v21_itemops.go:584.3,585.1 1 1
github.com/rxjh-emu/server/cmd/gameserver/packet/v21_itemops.go:587.2,587.54 1 1
github.com/rxjh-emu/server/cmd/gameserver/packet/v21_itemops.go:588.3,589.1 1 1
github.com/rxjh-emu/server/cmd/gameserver/packet/v21_itemops.go:590.2,590.51 1 1
github.com/rxjh-emu/server/cmd/gameserver/packet/v21_itemops.go:591.3,592.1 1 0
github.com/rxjh-emu/server/cmd/gameserver/packet/v21_itemops.go:594.2,594.65 1 1
github.com/rxjh-emu/server/cmd/gameserver/packet/v21_itemops.go:604.2,605.9 2 1
github.com/rxjh-emu/server/cmd/gameserver/packet/v21_itemops.go:606.3,607.1 1 0
github.com/rxjh-emu/server/cmd/gameserver/packet/v21_itemops.go:609.2,609.46 1 1
github.com/rxjh-emu/server/cmd/gameserver/packet/v21_itemops.go:610.3,611.1 1 0
github.com/rxjh-emu/server/cmd/gameserver/packet/v21_itemops.go:612.2,612.27 1 1
github.com/rxjh-emu/server/cmd/gameserver/packet/v21_itemops.go:613.3,614.1 1 1
github.com/rxjh-emu/server/cmd/gameserver/packet/v21_itemops.go:616.2,616.51 1 1
github.com/rxjh-emu/server/cmd/gameserver/packet/v21_itemops.go:617.3,617.24 1 1
github.com/rxjh-emu/server/cmd/gameserver/packet/v21_itemops.go:618.4,619.1 1 0
github.com/rxjh-emu/server/cmd/gameserver/packet/v21_itemops.go:620.3,620.41 1 1
github.com/rxjh-emu/server/cmd/gameserver/packet/v21_itemops.go:621.4,622.1 1 1
github.com/rxjh-emu/server/cmd/gameserver/packet/v21_itemops.go:623.3,625.9 3 1
github.com/rxjh-emu/server/cmd/gameserver/packet/v21_itemops.go:628.2,628.55 1 1
github.com/rxjh-emu/server/cmd/gameserver/packet/v21_itemops.go:629.3,630.1 1 0
github.com/rxjh-emu/server/cmd/gameserver/packet/v21_itemops.go:632.2,633.18 2 1
github.com/rxjh-emu/server/cmd/gameserver/packet/v21_itemops.go:640.2,640.50 1 1
github.com/rxjh-emu/server/cmd/gameserver/packet/v21_itemops.go:641.3,642.1 1 0
github.com/rxjh-emu/server/cmd/gameserver/packet/v21_itemops.go:643.2,643.20 1 1
github.com/rxjh-emu/server/cmd/gameserver/packet/v21_itemops.go:648.2,650.1 2 1
github.com/rxjh-emu/server/cmd/gameserver/packet/v21_itemops.go:655.2,657.1 2 1
github.com/rxjh-emu/server/cmd/gameserver/packet/v21_itemops.go:665.2,666.18 2 1
github.com/rxjh-emu/server/cmd/gameserver/packet/v21_itemops.go:667.3,668.1 1 1
github.com/rxjh-emu/server/cmd/gameserver/packet/v21_itemops.go:670.2,671.23 2 1
github.com/rxjh-emu/server/cmd/gameserver/packet/v21_itemops.go:677.2,679.1 2 1
github.com/rxjh-emu/server/cmd/gameserver/packet/v21_itemops.go:685.2,687.1 2 1
github.com/rxjh-emu/server/cmd/gameserver/packet/v21_itemops.go:693.2,693.79 1 1
github.com/rxjh-emu/server/cmd/gameserver/packet/v21_itemops.go:694.3,695.1 1 1
github.com/rxjh-emu/server/cmd/gameserver/packet/v21_itemops.go:696.2,696.40 1 1
github.com/rxjh-emu/server/cmd/gameserver/packet/v21_itemops.go:697.3,698.1 1 1
github.com/rxjh-emu/server/cmd/gameserver/packet/v21_itemops.go:699.2,699.33 1 0
github.com/rxjh-emu/server/cmd/gameserver/packet/v21_itemops.go:706.2,706.23 1 1
github.com/rxjh-emu/server/cmd/gameserver/packet/v21_itemops.go:707.3,708.1 1 1
github.com/rxjh-emu/server/cmd/gameserver/packet/v21_itemops.go:709.2,709.90 1 1
github.com/rxjh-emu/server/cmd/gameserver/packet/v21_itemops.go:710.3,711.1 1 1
github.com/rxjh-emu/server/cmd/gameserver/packet/v21_itemops.go:712.2,712.35 1 1
github.com/rxjh-emu/server/cmd/gameserver/packet/v21_itemops.go:719.2,719.57 1 1
github.com/rxjh-emu/server/cmd/gameserver/packet/v21_itemops.go:720.3,721.1 1 0
github.com/rxjh-emu/server/cmd/gameserver/packet/v21_itemops.go:722.2,722.46 1 1
github.com/rxjh-emu/server/cmd/gameserver/packet/v21_itemops.go:723.3,724.1 1 0
github.com/rxjh-emu/server/cmd/gameserver/packet/v21_itemops.go:725.2,725.48 1 1
github.com/rxjh-emu/server/cmd/gameserver/packet/v21_itemops.go:726.3,727.1 1 0
github.com/rxjh-emu/server/cmd/gameserver/packet/v21_itemops.go:728.2,728.60 1 1
github.com/rxjh-emu/server/cmd/gameserver/packet/v21_itemops.go:729.3,730.1 1 0
github.com/rxjh-emu/server/cmd/gameserver/packet/v21_itemops.go:731.2,731.13 1 1
github.com/rxjh-emu/server/cmd/gameserver/packet/v21_itemops.go:738.2,738.28 1 1
github.com/rxjh-emu/server/cmd/gameserver/packet/v21_itemops.go:739.3,739.15 1 0
github.com/rxjh-emu/server/cmd/gameserver/packet/v21_itemops.go:741.4,741.21 1 0
github.com/rxjh-emu/server/cmd/gameserver/packet/v21_itemops.go:743.4,743.21 1 0
github.com/rxjh-emu/server/cmd/gameserver/packet/v21_itemops.go:745.4,745.21 1 0
github.com/rxjh-emu/server/cmd/gameserver/packet/v21_itemops.go:747.4,747.21 1 0
github.com/rxjh-emu/server/cmd/gameserver/packet/v21_itemops.go:749.4,749.21 1 0
github.com/rxjh-emu/server/cmd/gameserver/packet/v21_itemops.go:751.3,751.15 1 0
github.com/rxjh-emu/server/cmd/gameserver/packet/v21_itemops.go:754.2,754.14 1 1
github.com/rxjh-emu/server/cmd/gameserver/packet/v21_itemops.go:756.3,756.19 1 1
github.com/rxjh-emu/server/cmd/gameserver/packet/v21_itemops.go:758.3,758.19 1 0
github.com/rxjh-emu/server/cmd/gameserver/packet/v21_itemops.go:760.3,760.19 1 0
github.com/rxjh-emu/server/cmd/gameserver/packet/v21_itemops.go:762.3,762.19 1 0
github.com/rxjh-emu/server/cmd/gameserver/packet/v21_itemops.go:764.3,764.19 1 0
github.com/rxjh-emu/server/cmd/gameserver/packet/v21_itemops.go:766.3,766.19 1 0
github.com/rxjh-emu/server/cmd/gameserver/packet/v21_itemops.go:768.3,768.19 1 0
github.com/rxjh-emu/server/cmd/gameserver/packet/v21_itemops.go:770.3,770.20 1 0
github.com/rxjh-emu/server/cmd/gameserver/packet/v21_itemops.go:772.3,772.39 1 0
github.com/rxjh-emu/server/cmd/gameserver/packet/v21_itemops.go:774.3,774.20 1 0
github.com/rxjh-emu/server/cmd/gameserver/packet/v21_itemops.go:776.3,776.20 1 0
github.com/rxjh-emu/server/cmd/gameserver/packet/v21_itemops.go:778.3,778.20 1 0
github.com/rxjh-emu/server/cmd/gameserver/packet/v21_itemops.go:780.3,780.20 1 0
github.com/rxjh-emu/server/cmd/gameserver/packet/v21_itemops.go:782.2,782.14 1 0
github.com/rxjh-emu/server/cmd/gameserver/packet/v21_itemops.go:789.2,789.34 1 1
github.com/rxjh-emu/server/cmd/gameserver/packet/v21_itemops.go:790.3,791.1 1 1
github.com/rxjh-emu/server/cmd/gameserver/packet/v21_itemops.go:792.2,792.56 1 0
github.com/rxjh-emu/server/cmd/gameserver/packet/v21_itemops.go:799.2,799.20 1 1
github.com/rxjh-emu/server/cmd/gameserver/packet/v21_itemops.go:800.3,801.1 1 1
github.com/rxjh-emu/server/cmd/gameserver/packet/v21_itemops.go:802.2,802.56 1 1
github.com/rxjh-emu/server/cmd/gameserver/packet/v21_itemops.go:806.2,806.26 1 1
github.com/rxjh-emu/server/cmd/gameserver/packet/v21_itemops.go:807.3,807.19 1 1
github.com/rxjh-emu/server/cmd/gameserver/packet/v21_itemops.go:808.4,809.1 1 1
github.com/rxjh-emu/server/cmd/gameserver/packet/v21_itemops.go:811.2,811.14 1 1
github.com/rxjh-emu/server/cmd/gameserver/packet/v21_itemops.go:819.2,819.49 1 1
github.com/rxjh-emu/server/cmd/gameserver/packet/v21_itemops.go:820.3,821.1 1 0
github.com/rxjh-emu/server/cmd/gameserver/packet/v21_itemops.go:822.2,822.79 1 1
github.com/rxjh-emu/server/cmd/gameserver/packet/v21_itemops.go:829.2,830.1 16 1
github.com/rxjh-emu/server/cmd/gameserver/packet/v21_itemops.go:831.2,836.1 16 1
github.com/rxjh-emu/server/cmd/gameserver/packet/v21_itemops.go:839.2,840.1 16 1
github.com/rxjh-emu/server/cmd/gameserver/packet/v21_itemops.go:843.2,851.1 16 1
github.com/rxjh-emu/server/cmd/gameserver/packet/v21_itemops.go:852.2,853.1 16 1
github.com/rxjh-emu/server/cmd/gameserver/packet/v21_itemops.go:860.2,861.51 2 1
github.com/rxjh-emu/server/cmd/gameserver/packet/v21_itemops.go:862.3,862.72 1 1
github.com/rxjh-emu/server/cmd/gameserver/packet/v21_itemops.go:863.4,864.1 1 1
github.com/rxjh-emu/server/cmd/gameserver/packet/v21_itemops.go:866.2,866.12 1 1
github.com/rxjh-emu/server/cmd/gameserver/packet/v21_itemops.go:874.2,875.1 7 1
github.com/rxjh-emu/server/cmd/gameserver/packet/v21_itemops.go:876.2,882.1 7 1
github.com/rxjh-emu/server/cmd/gameserver/packet/v21_itemops.go:888.2,889.1 5 1
github.com/rxjh-emu/server/cmd/gameserver/packet/v21_itemops.go:890.2,894.1 5 1
github.com/rxjh-emu/server/cmd/gameserver/packet/v21_itemops.go:898.2,899.1 1 1
github.com/rxjh-emu/server/cmd/gameserver/packet/v21_itemops.go:904.2,905.1 1 1
github.com/rxjh-emu/server/cmd/gameserver/packet/v21_itemops.go:911.2,912.1 2 1
github.com/rxjh-emu/server/cmd/gameserver/packet/v21_itemops.go:913.2,913.39 2 1
github.com/rxjh-emu/server/cmd/gameserver/packet/v21_itemops.go:914.3,915.1 1 1
github.com/rxjh-emu/server/cmd/gameserver/packet/v21_itemops.go:921.2,922.1 1 1
github.com/rxjh-emu/server/cmd/gameserver/packet/v21_itemops.go:931.2,932.1 2 1
github.com/rxjh-emu/server/cmd/gameserver/packet/v21_itemops.go:933.2,933.26 2 1
github.com/rxjh-emu/server/cmd/gameserver/packet/v21_itemops.go:934.3,935.1 2 1
github.com/rxjh-emu/server/cmd/gameserver/packet/v21_itemops.go:940.3,940.14 2 1
github.com/rxjh-emu/server/cmd/gameserver/packet/v21_itemops.go:941.4,942.15 2 1
github.com/rxjh-emu/server/cmd/gameserver/packet/v21_itemops.go:943.5,946.1 3 1
github.com/rxjh-emu/server/cmd/gameserver/packet/v21_itemops.go:947.4,947.12 1 1
github.com/rxjh-emu/server/cmd/gameserver/packet/v21_itemops.go:950.3,950.14 1 1
github.com/rxjh-emu/server/cmd/gameserver/packet/v21_itemops.go:951.4,952.12 2 1
github.com/rxjh-emu/server/cmd/gameserver/packet/v21_itemops.go:959.3,959.14 1 1
github.com/rxjh-emu/server/cmd/gameserver/packet/v21_itemops.go:960.4,967.1 10 1
github.com/rxjh-emu/server/cmd/gameserver/packet/v21_itemops.go:968.4,970.12 10 1
github.com/rxjh-emu/server/cmd/gameserver/packet/v21_itemops.go:974.3,974.59 1 1
github.com/rxjh-emu/server/cmd/gameserver/packet/v21_itemops.go:975.4,976.12 2 0
github.com/rxjh-emu/server/cmd/gameserver/packet/v21_itemops.go:979.3,980.19 2 1
github.com/rxjh-emu/server/cmd/gameserver/packet/v21_itemops.go:981.4,981.12 1 1
github.com/rxjh-emu/server/cmd/gameserver/packet/v21_itemops.go:984.3,985.72 2 1
github.com/rxjh-emu/server/cmd/gameserver/packet/v21_itemops.go:986.4,987.1 1 1
github.com/rxjh-emu/server/cmd/gameserver/packet/v21_itemops.go:988.3,989.1 3 1
github.com/rxjh-emu/server/cmd/gameserver/packet/v21_itemops.go:991.3,992.28 3 1
github.com/rxjh-emu/server/cmd/gameserver/packet/v21_itemops.go:995.2,996.15 2 1
github.com/rxjh-emu/server/cmd/gameserver/packet/v21_itemops.go:1004.2,1004.25 1 1
github.com/rxjh-emu/server/cmd/gameserver/packet/v21_itemops.go:1006.3,1006.24 1 0
github.com/rxjh-emu/server/cmd/gameserver/packet/v21_itemops.go:1008.3,1008.24 1 0
github.com/rxjh-emu/server/cmd/gameserver/packet/v21_itemops.go:1010.2,1010.34 1 1
github.com/rxjh-emu/server/cmd/gameserver/packet/v21_itemops.go:1011.3,1012.1 1 0
github.com/rxjh-emu/server/cmd/gameserver/packet/v21_itemops.go:1019.2,1022.1 3 1
github.com/rxjh-emu/server/cmd/gameserver/packet/v21_itemops.go:1028.2,1028.27 1 1
github.com/rxjh-emu/server/cmd/gameserver/packet/v21_itemops.go:1029.3,1031.1 2 1
github.com/rxjh-emu/server/cmd/gameserver/packet/v21_itemops.go:1033.2,1035.13 3 1
github.com/rxjh-emu/server/cmd/gameserver/packet/v21_itemops.go:1043.2,1044.1 3 1
github.com/rxjh-emu/server/cmd/gameserver/packet/v21_itemops.go:1045.2,1046.1 3 1
github.com/rxjh-emu/server/cmd/gameserver/packet/v21_itemops.go:1048.2,1048.48 3 1
github.com/rxjh-emu/server/cmd/gameserver/packet/v21_itemops.go:1049.3,1050.1 1 0
github.com/rxjh-emu/server/cmd/gameserver/packet/v21_itemops.go:1051.2,1052.1 2 1
github.com/rxjh-emu/server/cmd/gameserver/packet/v21_itemops.go:1053.2,1053.23 2 1
github.com/rxjh-emu/server/cmd/gameserver/packet/v21_itemops.go:1062.2,1063.44 2 1
github.com/rxjh-emu/server/cmd/gameserver/packet/v21_itemops.go:1064.3,1065.1 1 1
github.com/rxjh-emu/server/cmd/gameserver/packet/v21_itemops.go:1067.2,1068.19 2 1
github.com/rxjh-emu/server/cmd/gameserver/packet/v21_itemops.go:1069.3,1070.1 1 1
github.com/rxjh-emu/server/cmd/gameserver/packet/v21_itemops.go:1071.2,1071.26 1 1
github.com/rxjh-emu/server/cmd/gameserver/packet/v21_itemops.go:1074.3,1076.1 2 1
github.com/rxjh-emu/server/cmd/gameserver/packet/v21_itemops.go:1078.2,1078.35 1 1
github.com/rxjh-emu/server/cmd/gameserver/packet/v21_itemops.go:1081.3,1085.1 4 0
github.com/rxjh-emu/server/cmd/gameserver/packet/v21_itemops.go:1087.2,1088.9 2 1
github.com/rxjh-emu/server/cmd/gameserver/packet/v21_itemops.go:1089.3,1090.1 1 1
github.com/rxjh-emu/server/cmd/gameserver/packet/v21_itemops.go:1092.2,1092.19 1 1
github.com/rxjh-emu/server/cmd/gameserver/packet/v21_itemops.go:1094.3,1094.29 1 1
github.com/rxjh-emu/server/cmd/gameserver/packet/v21_itemops.go:1096.3,1096.30 1 1
github.com/rxjh-emu/server/cmd/gameserver/packet/v21_itemops.go:1097.30,1097.30 0 0
github.com/rxjh-emu/server/cmd/gameserver/packet/v21_itemops.go:1102.3,1102.25 1 1
github.com/rxjh-emu/server/cmd/gameserver/packet/v21_itemops.go:1105.2,1105.21 1 1
github.com/rxjh-emu/server/cmd/gameserver/packet/v21_itemops.go:1113.2,1118.45 2 1
github.com/rxjh-emu/server/cmd/gameserver/packet/v21_itemops.go:1119.3,1120.1 1 1
github.com/rxjh-emu/server/cmd/gameserver/packet/v21_itemops.go:1122.2,1123.49 2 1
github.com/rxjh-emu/server/cmd/gameserver/packet/v21_itemops.go:1124.3,1125.1 1 1
github.com/rxjh-emu/server/cmd/gameserver/packet/v21_itemops.go:1126.2,1126.63 1 1
github.com/rxjh-emu/server/cmd/gameserver/packet/v21_itemops.go:1127.3,1128.1 1 0
github.com/rxjh-emu/server/cmd/gameserver/packet/v21_itemops.go:1130.2,1135.27 6 1
github.com/rxjh-emu/server/cmd/gameserver/packet/v21_itemops.go:1144.2,1145.39 2 1
github.com/rxjh-emu/server/cmd/gameserver/packet/v21_itemops.go:1146.3,1146.45 1 1
github.com/rxjh-emu/server/cmd/gameserver/packet/v21_itemops.go:1147.4,1148.9 2 1
github.com/rxjh-emu/server/cmd/gameserver/packet/v21_itemops.go:1151.2,1151.15 1 1
github.com/rxjh-emu/server/cmd/gameserver/packet/v21_itemops.go:1152.3,1153.1 1 1
github.com/rxjh-emu/server/cmd/gameserver/packet/v21_itemops.go:1157.2,1157.49 1 1
github.com/rxjh-emu/server/cmd/gameserver/packet/v21_itemops.go:1158.3,1159.1 1 1
github.com/rxjh-emu/server/cmd/gameserver/packet/v21_itemops.go:1160.2,1160.64 1 1
github.com/rxjh-emu/server/cmd/gameserver/packet/v21_itemops.go:1161.3,1162.1 1 0
github.com/rxjh-emu/server/cmd/gameserver/packet/v21_itemops.go:1164.2,1169.27 6 1
github.com/rxjh-emu/server/cmd/gameserver/packet/v21_itemops.go:1178.2,1179.25 2 1
github.com/rxjh-emu/server/cmd/gameserver/packet/v21_itemops.go:1183.3,1184.1 1 0
github.com/rxjh-emu/server/cmd/gameserver/packet/v21_itemops.go:1186.2,1187.9 2 1
github.com/rxjh-emu/server/cmd/gameserver/packet/v21_itemops.go:1188.3,1189.1 1 1
github.com/rxjh-emu/server/cmd/gameserver/packet/v21_itemops.go:1190.2,1190.52 1 1
github.com/rxjh-emu/server/cmd/gameserver/packet/v21_itemops.go:1191.3,1192.1 1 0
github.com/rxjh-emu/server/cmd/gameserver/packet/v21_itemops.go:1194.2,1195.44 2 1
github.com/rxjh-emu/server/cmd/gameserver/packet/v21_itemops.go:1196.3,1197.1 1 1
github.com/rxjh-emu/server/cmd/gameserver/packet/v21_itemops.go:1198.2,1199.1 2 1
github.com/rxjh-emu/server/cmd/gameserver/packet/v21_itemops.go:1200.2,1200.12 2 1
github.com/rxjh-emu/server/cmd/gameserver/packet/v21_itemops.go:1201.3,1202.38 2 0
github.com/rxjh-emu/server/cmd/gameserver/packet/v21_itemops.go:1203.4,1204.1 1 0
github.com/rxjh-emu/server/cmd/gameserver/packet/v21_itemops.go:1206.3,1207.38 2 1
github.com/rxjh-emu/server/cmd/gameserver/packet/v21_itemops.go:1208.4,1209.1 1 1
github.com/rxjh-emu/server/cmd/gameserver/packet/v21_itemops.go:1212.2,1214.1 3 1
github.com/rxjh-emu/server/cmd/gameserver/packet/v21_itemops.go:1216.2,1216.27 3 1
github.com/rxjh-emu/server/cmd/gameserver/packet/v21_itemops.go:1224.2,1227.1 4 1
github.com/rxjh-emu/server/cmd/gameserver/packet/v21_itemops.go:1228.2,1228.18 4 1
github.com/rxjh-emu/server/cmd/gameserver/packet/v21_itemops.go:1229.3,1230.1 1 1
github.com/rxjh-emu/server/cmd/gameserver/packet/v21_itemops.go:1231.3,1233.1 2 1
github.com/rxjh-emu/server/cmd/gameserver/packet/v21_itemops.go:1235.2,1237.16 3 1
github.com/rxjh-emu/server/cmd/gameserver/packet/v21_itemops.go:1238.3,1239.1 1 0
github.com/rxjh-emu/server/cmd/gameserver/packet/v21_itemops.go:1241.2,1241.45 1 1
github.com/rxjh-emu/server/cmd/gameserver/packet/v21_itemops.go:1242.3,1246.16 5 1
github.com/rxjh-emu/server/cmd/gameserver/packet/v21_itemops.go:1247.4,1248.1 1 0
github.com/rxjh-emu/server/cmd/gameserver/packet/v21_itemops.go:1249.4,1250.1 1 1
github.com/rxjh-emu/server/cmd/gameserver/packet/v21_itemops.go:1251.3,1252.53 2 1
github.com/rxjh-emu/server/cmd/gameserver/packet/v21_itemops.go:1253.4,1254.1 1 0
github.com/rxjh-emu/server/cmd/gameserver/packet/v21_itemops.go:1255.4,1256.1 1 1
github.com/rxjh-emu/server/cmd/gameserver/packet/v21_itemops.go:1257.3,1257.10 1 1
github.com/rxjh-emu/server/cmd/gameserver/packet/v21_itemops.go:1265.2,1265.39 1 1
github.com/rxjh-emu/server/cmd/gameserver/packet/v21_itemops.go:1266.3,1266.81 1 1
github.com/rxjh-emu/server/cmd/gameserver/packet/v21_itemops.go:1267.4,1268.1 1 1
github.com/rxjh-emu/server/cmd/gameserver/packet/v21_items.go:39.2,43.23 2 0
github.com/rxjh-emu/server/cmd/gameserver/packet/v21_items.go:44.3,45.1 1 0
github.com/rxjh-emu/server/cmd/gameserver/packet/v21_items.go:47.2,49.1 3 0
github.com/rxjh-emu/server/cmd/gameserver/packet/v21_items.go:54.2,54.132 3 0
github.com/rxjh-emu/server/cmd/gameserver/packet/v21_items.go:55.3,55.53 1 0
github.com/rxjh-emu/server/cmd/gameserver/packet/v21_items.go:60.4,63.1 2 0
github.com/rxjh-emu/server/cmd/gameserver/packet/v21_items.go:69.2,70.31 2 0
github.com/rxjh-emu/server/cmd/gameserver/packet/v21_items.go:71.3,72.1 1 0
github.com/rxjh-emu/server/cmd/gameserver/packet/v21_items.go:74.2,76.12 3 0
github.com/rxjh-emu/server/cmd/gameserver/packet/v21_items.go:83.2,83.60 1 1
github.com/rxjh-emu/server/cmd/gameserver/packet/v21_items.go:84.3,85.1 1 0
github.com/rxjh-emu/server/cmd/gameserver/packet/v21_items.go:87.2,93.23 2 1
github.com/rxjh-emu/server/cmd/gameserver/packet/v21_items.go:94.3,96.1 2 1
github.com/rxjh-emu/server/cmd/gameserver/packet/v21_items.go:98.2,99.72 1 0
github.com/rxjh-emu/server/cmd/gameserver/packet/v21_items.go:121.2,121.90 1 1
github.com/rxjh-emu/server/cmd/gameserver/packet/v21_items.go:122.3,123.1 1 1
github.com/rxjh-emu/server/cmd/gameserver/packet/v21_items.go:125.2,126.95 2 1
github.com/rxjh-emu/server/cmd/gameserver/packet/v21_items.go:127.3,128.1 1 1
github.com/rxjh-emu/server/cmd/gameserver/packet/v21_items.go:130.2,131.20 2 1
github.com/rxjh-emu/server/cmd/gameserver/packet/v21_items.go:137.2,182.1 3 1
github.com/rxjh-emu/server/cmd/gameserver/packet/v21_items.go:187.2,187.40 3 1
github.com/rxjh-emu/server/cmd/gameserver/packet/v21_items.go:188.3,191.1 3 1
github.com/rxjh-emu/server/cmd/gameserver/packet/v21_items.go:193.2,193.12 1 1
github.com/rxjh-emu/server/cmd/gameserver/packet/v21_items.go:199.2,199.62 1 1
github.com/rxjh-emu/server/cmd/gameserver/packet/v21_items.go:200.3,201.1 1 1
github.com/rxjh-emu/server/cmd/gameserver/packet/v21_items.go:207.2,207.37 1 1
github.com/rxjh-emu/server/cmd/gameserver/packet/v21_items.go:208.3,211.1 3 1
github.com/rxjh-emu/server/cmd/gameserver/packet/v21_items.go:217.2,217.37 1 1
github.com/rxjh-emu/server/cmd/gameserver/packet/v21_items.go:218.3,220.1 2 1
github.com/rxjh-emu/server/cmd/gameserver/packet/v21_items.go:226.2,227.1 2 1
github.com/rxjh-emu/server/cmd/gameserver/packet/v21_items.go:228.2,228.39 2 1
github.com/rxjh-emu/server/cmd/gameserver/packet/v21_items.go:229.3,232.1 3 1
github.com/rxjh-emu/server/cmd/gameserver/packet/v21_items.go:238.46,238.71 1 1
github.com/rxjh-emu/server/cmd/gameserver/packet/v21_items.go:243.2,244.9 2 1
github.com/rxjh-emu/server/cmd/gameserver/packet/v21_items.go:245.3,246.1 1 1
github.com/rxjh-emu/server/cmd/gameserver/packet/v21_items.go:247.2,247.20 1 1
github.com/rxjh-emu/server/cmd/gameserver/packet/v21_items.go:255.2,255.19 1 1
github.com/rxjh-emu/server/cmd/gameserver/packet/v21_items.go:257.3,257.17 1 1
github.com/rxjh-emu/server/cmd/gameserver/packet/v21_items.go:258.4,259.1 1 1
github.com/rxjh-emu/server/cmd/gameserver/packet/v21_items.go:260.3,260.18 1 1
github.com/rxjh-emu/server/cmd/gameserver/packet/v21_items.go:261.4,262.1 1 1
github.com/rxjh-emu/server/cmd/gameserver/packet/v21_items.go:264.3,264.49 1 1
github.com/rxjh-emu/server/cmd/gameserver/packet/v21_items.go:265.4,266.1 1 1
github.com/rxjh-emu/server/cmd/gameserver/packet/v21_items.go:268.3,268.16 1 1
github.com/rxjh-emu/server/cmd/gameserver/packet/v21_items.go:270.4,270.33 1 1
github.com/rxjh-emu/server/cmd/gameserver/packet/v21_items.go:272.4,272.33 1 1
github.com/rxjh-emu/server/cmd/gameserver/packet/v21_items.go:274.4,274.33 1 1
github.com/rxjh-emu/server/cmd/gameserver/packet/v21_items.go:276.4,276.33 1 1
github.com/rxjh-emu/server/cmd/gameserver/packet/v21_items.go:279.2,279.11 1 1
github.com/rxjh-emu/server/cmd/gameserver/packet/v21_items.go:288.2,288.85 1 1
github.com/rxjh-emu/server/cmd/gameserver/packet/v21_items.go:289.3,289.63 1 1
github.com/rxjh-emu/server/cmd/gameserver/packet/v21_items.go:290.4,291.52 2 1
github.com/rxjh-emu/server/cmd/gameserver/packet/v21_items.go:292.5,292.13 1 0
github.com/rxjh-emu/server/cmd/gameserver/packet/v21_items.go:294.4,294.61 1 1
github.com/rxjh-emu/server/cmd/gameserver/packet/v21_khinhcong.go:45.2,45.27 1 1
github.com/rxjh-emu/server/cmd/gameserver/packet/v21_khinhcong.go:46.3,47.1 1 1
github.com/rxjh-emu/server/cmd/gameserver/packet/v21_khinhcong.go:49.2,50.19 2 1
github.com/rxjh-emu/server/cmd/gameserver/packet/v21_khinhcong.go:51.3,52.1 1 1
github.com/rxjh-emu/server/cmd/gameserver/packet/v21_khinhcong.go:53.2,55.1 3 1
github.com/rxjh-emu/server/cmd/gameserver/packet/v21_khinhcong.go:61.2,61.14 3 1
github.com/rxjh-emu/server/cmd/gameserver/packet/v21_khinhcong.go:62.3,64.22 3 1
github.com/rxjh-emu/server/cmd/gameserver/packet/v21_khinhcong.go:65.4,68.1 2 1
github.com/rxjh-emu/server/cmd/gameserver/packet/v21_khinhcong.go:70.2,71.1 3 1
github.com/rxjh-emu/server/cmd/gameserver/packet/v21_khinhcong.go:72.2,73.1 3 1
github.com/rxjh-emu/server/cmd/gameserver/packet/v21_khinhcong.go:76.2,76.44 3 1
github.com/rxjh-emu/server/cmd/gameserver/packet/v21_khinhcong.go:77.3,79.1 2 1
github.com/rxjh-emu/server/cmd/gameserver/packet/v21_khinhcong.go:81.2,82.9 2 1
github.com/rxjh-emu/server/cmd/gameserver/packet/v21_khinhcong.go:83.3,85.1 2 1
github.com/rxjh-emu/server/cmd/gameserver/packet/v21_khinhcong.go:87.2,87.28 1 1
github.com/rxjh-emu/server/cmd/gameserver/packet/v21_khinhcong.go:88.3,90.1 2 1
github.com/rxjh-emu/server/cmd/gameserver/packet/v21_khinhcong.go:91.2,92.56 1 1
github.com/rxjh-emu/server/cmd/gameserver/packet/v21_khinhcong.go:93.3,94.1 1 1
github.com/rxjh-emu/server/cmd/gameserver/packet/v21_khinhcong.go:99.2,100.45 2 1
github.com/rxjh-emu/server/cmd/gameserver/packet/v21_khinhcong.go:101.3,102.1 1 1
github.com/rxjh-emu/server/cmd/gameserver/packet/v21_khinhcong.go:104.2,104.36 1 1
github.com/rxjh-emu/server/cmd/gameserver/packet/v21_khinhcong.go:105.3,106.1 1 1
github.com/rxjh-emu/server/cmd/gameserver/packet/v21_khinhcong.go:111.2,112.21 2 1
github.com/rxjh-emu/server/cmd/gameserver/packet/v21_khinhcong.go:119.2,119.34 1 1
github.com/rxjh-emu/server/cmd/gameserver/packet/v21_khinhcong.go:120.3,121.1 1 1
github.com/rxjh-emu/server/cmd/gameserver/packet/v21_khinhcong.go:123.2,123.28 1 1
github.com/rxjh-emu/server/cmd/gameserver/packet/v21_khinhcong.go:124.3,124.29 1 1
github.com/rxjh-emu/server/cmd/gameserver/packet/v21_khinhcong.go:125.4,126.1 1 1
github.com/rxjh-emu/server/cmd/gameserver/packet/v21_khinhcong.go:128.2,128.44 1 1
github.com/rxjh-emu/server/cmd/gameserver/packet/v21_khinhcong.go:129.3,131.1 2 1
github.com/rxjh-emu/server/cmd/gameserver/packet/v21_khinhcong.go:133.2,134.30 2 1
github.com/rxjh-emu/server/cmd/gameserver/packet/v21_khinhcong.go:141.2,142.27 2 1
github.com/rxjh-emu/server/cmd/gameserver/packet/v21_khinhcong.go:143.3,146.1 3 1
github.com/rxjh-emu/server/cmd/gameserver/packet/v21_khinhcong.go:154.2,154.14 1 1
github.com/rxjh-emu/server/cmd/gameserver/packet/v21_khinhcong.go:155.3,156.1 1 1
github.com/rxjh-emu/server/cmd/gameserver/packet/v21_khinhcong.go:157.2,157.14 1 1
github.com/rxjh-emu/server/cmd/gameserver/packet/v21_khinhcong.go:158.3,159.1 1 1
github.com/rxjh-emu/server/cmd/gameserver/packet/v21_khinhcong.go:161.2,162.30 2 1
github.com/rxjh-emu/server/cmd/gameserver/packet/v21_khinhcong.go:169.2,173.1 4 1
github.com/rxjh-emu/server/cmd/gameserver/packet/v21_khinhcong.go:179.2,181.1 2 1
github.com/rxjh-emu/server/cmd/gameserver/packet/v21_khinhcong.go:189.2,191.9 3 1
github.com/rxjh-emu/server/cmd/gameserver/packet/v21_khinhcong.go:193.3,193.38 1 1
github.com/rxjh-emu/server/cmd/gameserver/packet/v21_khinhcong.go:195.3,195.38 1 1
github.com/rxjh-emu/server/cmd/gameserver/packet/v21_khinhcong.go:197.3,197.38 1 1
github.com/rxjh-emu/server/cmd/gameserver/packet/v21_khinhcong.go:204.3,204.38 1 1
github.com/rxjh-emu/server/cmd/gameserver/packet/v21_khinhcong.go:206.3,206.38 1 1
github.com/rxjh-emu/server/cmd/gameserver/packet/v21_khinhcong.go:208.3,208.38 1 1
github.com/rxjh-emu/server/cmd/gameserver/packet/v21_khinhcong.go:210.2,210.17 1 1
github.com/rxjh-emu/server/cmd/gameserver/packet/v21_khinhcong.go:219.2,223.1 5 1
github.com/rxjh-emu/server/cmd/gameserver/packet/v21_khinhcong.go:224.2,224.14 5 1
github.com/rxjh-emu/server/cmd/gameserver/packet/v21_khinhcong.go:225.3,227.1 2 1
github.com/rxjh-emu/server/cmd/gameserver/packet/v21_khinhcong.go:228.2,229.30 2 1
github.com/rxjh-emu/server/cmd/gameserver/packet/v21_khinhcong.go:235.2,235.53 1 1
github.com/rxjh-emu/server/cmd/gameserver/packet/v21_khinhcong.go:236.3,237.1 1 1
github.com/rxjh-emu/server/cmd/gameserver/packet/v21_khinhcong.go:245.2,245.30 1 1
github.com/rxjh-emu/server/cmd/gameserver/packet/v21_khinhcong.go:246.3,251.1 5 1
github.com/rxjh-emu/server/cmd/gameserver/packet/v21_khinhcong.go:252.2,253.53 2 1
github.com/rxjh-emu/server/cmd/gameserver/packet/v21_khinhcong.go:254.3,255.1 1 1
github.com/rxjh-emu/server/cmd/gameserver/packet/v21_khinhcong.go:263.2,267.1 4 1
github.com/rxjh-emu/server/cmd/gameserver/packet/v21_lobby.go:22.2,23.1 3 0
github.com/rxjh-emu/server/cmd/gameserver/packet/v21_lobby.go:24.2,25.24 3 0
github.com/rxjh-emu/server/cmd/gameserver/packet/v21_lobby.go:26.3,29.1 3 0
github.com/rxjh-emu/server/cmd/gameserver/packet/v21_lobby.go:31.2,33.1 4 0
github.com/rxjh-emu/server/cmd/gameserver/packet/v21_lobby.go:34.2,35.1 4 0
github.com/rxjh-emu/server/cmd/gameserver/packet/v21_lobby.go:36.2,36.37 4 0
github.com/rxjh-emu/server/cmd/gameserver/packet/v21_lobby.go:42.2,43.1 3 0
github.com/rxjh-emu/server/cmd/gameserver/packet/v21_lobby.go:44.2,45.46 3 0
github.com/rxjh-emu/server/cmd/gameserver/packet/v21_lobby.go:46.3,49.1 3 0
github.com/rxjh-emu/server/cmd/gameserver/packet/v21_lobby.go:51.2,52.37 2 0
github.com/rxjh-emu/server/cmd/gameserver/packet/v21_lobby.go:57.2,59.47 3 0
github.com/rxjh-emu/server/cmd/gameserver/packet/v21_lobby.go:60.3,63.1 3 0
github.com/rxjh-emu/server/cmd/gameserver/packet/v21_lobby.go:65.2,69.1 9 0
github.com/rxjh-emu/server/cmd/gameserver/packet/v21_lobby.go:71.2,75.1 9 0
github.com/rxjh-emu/server/cmd/gameserver/packet/v21_lobby.go:76.2,76.25 9 0
github.com/rxjh-emu/server/cmd/gameserver/packet/v21_lobby.go:82.2,82.28 1 0
github.com/rxjh-emu/server/cmd/gameserver/packet/v21_lobby.go:83.3,86.1 3 0
github.com/rxjh-emu/server/cmd/gameserver/packet/v21_lobby.go:88.2,93.1 3 0
github.com/rxjh-emu/server/cmd/gameserver/packet/v21_lobby.go:94.2,94.21 3 0
github.com/rxjh-emu/server/cmd/gameserver/packet/v21_lobby.go:95.3,98.1 3 0
github.com/rxjh-emu/server/cmd/gameserver/packet/v21_lobby.go:100.2,100.22 1 0
github.com/rxjh-emu/server/cmd/gameserver/packet/v21_lobby.go:101.3,103.1 2 0
github.com/rxjh-emu/server/cmd/gameserver/packet/v21_lobby.go:105.2,106.1 2 0
github.com/rxjh-emu/server/cmd/gameserver/packet/v21_lobby.go:107.2,107.24 2 0
github.com/rxjh-emu/server/cmd/gameserver/packet/v21_lobby.go:108.3,109.1 6 0
github.com/rxjh-emu/server/cmd/gameserver/packet/v21_lobby.go:110.3,112.1 6 0
github.com/rxjh-emu/server/cmd/gameserver/packet/v21_lobby.go:113.3,115.21 6 0
github.com/rxjh-emu/server/cmd/gameserver/packet/v21_lobby.go:116.4,117.1 1 0
github.com/rxjh-emu/server/cmd/gameserver/packet/v21_lobby.go:118.3,119.1 18 0
github.com/rxjh-emu/server/cmd/gameserver/packet/v21_lobby.go:120.3,130.1 18 0
github.com/rxjh-emu/server/cmd/gameserver/packet/v21_lobby.go:131.3,135.1 18 0
github.com/rxjh-emu/server/cmd/gameserver/packet/v21_lobby.go:136.3,138.1 18 0
github.com/rxjh-emu/server/cmd/gameserver/packet/v21_lobby.go:139.3,139.26 18 0
github.com/rxjh-emu/server/cmd/gameserver/packet/v21_lobby.go:146.2,148.1 4 0
github.com/rxjh-emu/server/cmd/gameserver/packet/v21_lobby.go:149.2,150.19 4 0
github.com/rxjh-emu/server/cmd/gameserver/packet/v21_lobby.go:151.3,155.1 3 0
github.com/rxjh-emu/server/cmd/gameserver/packet/v21_lobby.go:157.2,160.10 4 0
github.com/rxjh-emu/server/cmd/gameserver/packet/v21_lobby.go:161.3,162.1 1 0
github.com/rxjh-emu/server/cmd/gameserver/packet/v21_lobby.go:163.2,163.25 1 0
github.com/rxjh-emu/server/cmd/gameserver/packet/v21_lobby.go:171.2,172.1 3 0
github.com/rxjh-emu/server/cmd/gameserver/packet/v21_lobby.go:173.2,174.21 3 0
github.com/rxjh-emu/server/cmd/gameserver/packet/v21_lobby.go:175.3,179.1 5 0
github.com/rxjh-emu/server/cmd/gameserver/packet/v21_lobby.go:180.3,180.79 5 0
github.com/rxjh-emu/server/cmd/gameserver/packet/v21_lobby.go:181.4,186.1 3 0
github.com/rxjh-emu/server/cmd/gameserver/packet/v21_lobby.go:188.4,188.50 3 0
github.com/rxjh-emu/server/cmd/gameserver/packet/v21_lobby.go:189.5,192.1 3 0
github.com/rxjh-emu/server/cmd/gameserver/packet/v21_lobby.go:193.5,193.45 3 0
github.com/rxjh-emu/server/cmd/gameserver/packet/v21_lobby.go:194.6,207.1 3 0
github.com/rxjh-emu/server/cmd/gameserver/packet/v21_lobby.go:212.2,214.14 3 0
github.com/rxjh-emu/server/cmd/gameserver/packet/v21_lobby.go:215.3,216.1 1 0
github.com/rxjh-emu/server/cmd/gameserver/packet/v21_lobby.go:217.2,218.85 2 0
github.com/rxjh-emu/server/cmd/gameserver/packet/v21_lobby.go:226.2,230.1 4 0
github.com/rxjh-emu/server/cmd/gameserver/packet/v21_lobby.go:234.2,237.1 3 0
github.com/rxjh-emu/server/cmd/gameserver/packet/v21_lobby.go:244.2,245.1 4 0
github.com/rxjh-emu/server/cmd/gameserver/packet/v21_lobby.go:246.2,249.1 4 0
github.com/rxjh-emu/server/cmd/gameserver/packet/v21_lobby.go:254.2,259.1 5 0
github.com/rxjh-emu/server/cmd/gameserver/packet/v21_lobby.go:262.2,263.1 1 1
github.com/rxjh-emu/server/cmd/gameserver/packet/v21_lobby.go:267.2,267.25 1 0
github.com/rxjh-emu/server/cmd/gameserver/packet/v21_lobby.go:268.3,269.1 1 0
github.com/rxjh-emu/server/cmd/gameserver/packet/v21_lobby.go:270.2,270.31 1 0
github.com/rxjh-emu/server/cmd/gameserver/packet/v21_lobby.go:271.3,272.1 1 0
github.com/rxjh-emu/server/cmd/gameserver/packet/v21_lobby.go:273.2,273.45 1 0
github.com/rxjh-emu/server/cmd/gameserver/packet/v21_lobby.go:277.2,278.1 1 0
github.com/rxjh-emu/server/cmd/gameserver/packet/v21_mail.go:79.2,85.1 3 0
github.com/rxjh-emu/server/cmd/gameserver/packet/v21_mail.go:88.2,94.1 3 0
github.com/rxjh-emu/server/cmd/gameserver/packet/v21_mail.go:97.2,106.1 3 0
github.com/rxjh-emu/server/cmd/gameserver/packet/v21_mail.go:109.2,115.1 2 0
github.com/rxjh-emu/server/cmd/gameserver/packet/v21_mail.go:121.69,121.69 0 1
github.com/rxjh-emu/server/cmd/gameserver/packet/v21_mail.go:128.2,128.27 1 1
github.com/rxjh-emu/server/cmd/gameserver/packet/v21_mail.go:129.3,130.1 1 1
github.com/rxjh-emu/server/cmd/gameserver/packet/v21_mail.go:132.2,133.23 2 1
github.com/rxjh-emu/server/cmd/gameserver/packet/v21_mail.go:134.3,135.1 1 0
github.com/rxjh-emu/server/cmd/gameserver/packet/v21_mail.go:140.2,141.53 2 1
github.com/rxjh-emu/server/cmd/gameserver/packet/v21_mail.go:142.3,143.1 1 1
github.com/rxjh-emu/server/cmd/gameserver/packet/v21_mail.go:144.2,145.1 3 1
github.com/rxjh-emu/server/cmd/gameserver/packet/v21_mail.go:146.2,147.49 3 1
github.com/rxjh-emu/server/cmd/gameserver/packet/v21_mail.go:148.3,149.1 1 1
github.com/rxjh-emu/server/cmd/gameserver/packet/v21_mail.go:150.2,150.17 1 1
github.com/rxjh-emu/server/cmd/gameserver/packet/v21_mail.go:151.3,152.1 1 0
github.com/rxjh-emu/server/cmd/gameserver/packet/v21_mail.go:154.2,156.16 3 1
github.com/rxjh-emu/server/cmd/gameserver/packet/v21_mail.go:157.3,158.1 1 1
github.com/rxjh-emu/server/cmd/gameserver/packet/v21_mail.go:159.2,159.41 1 1
github.com/rxjh-emu/server/cmd/gameserver/packet/v21_mail.go:166.2,167.1 1 1
github.com/rxjh-emu/server/cmd/gameserver/packet/v21_mail.go:172.2,174.1 3 1
github.com/rxjh-emu/server/cmd/gameserver/packet/v21_mail.go:175.2,175.26 3 1
github.com/rxjh-emu/server/cmd/gameserver/packet/v21_mail.go:176.3,178.1 2 1
github.com/rxjh-emu/server/cmd/gameserver/packet/v21_mail.go:179.2,181.1 3 1
github.com/rxjh-emu/server/cmd/gameserver/packet/v21_mail.go:185.2,185.32 3 1
github.com/rxjh-emu/server/cmd/gameserver/packet/v21_mail.go:186.3,188.1 2 1
github.com/rxjh-emu/server/cmd/gameserver/packet/v21_mail.go:190.2,191.16 2 1
github.com/rxjh-emu/server/cmd/gameserver/packet/v21_mail.go:192.3,194.1 2 0
github.com/rxjh-emu/server/cmd/gameserver/packet/v21_mail.go:196.2,206.1 2 1
github.com/rxjh-emu/server/cmd/gameserver/packet/v21_mail.go:210.2,210.55 2 1
github.com/rxjh-emu/server/cmd/gameserver/packet/v21_mail.go:211.3,215.1 4 1
github.com/rxjh-emu/server/cmd/gameserver/packet/v21_mail.go:217.2,217.56 1 1
github.com/rxjh-emu/server/cmd/gameserver/packet/v21_mail.go:225.2,226.1 1 1
github.com/rxjh-emu/server/cmd/gameserver/packet/v21_mail.go:233.2,233.27 1 1
github.com/rxjh-emu/server/cmd/gameserver/packet/v21_mail.go:234.3,235.1 1 1
github.com/rxjh-emu/server/cmd/gameserver/packet/v21_mail.go:237.2,238.22 2 1
github.com/rxjh-emu/server/cmd/gameserver/packet/v21_mail.go:239.3,240.1 1 0
github.com/rxjh-emu/server/cmd/gameserver/packet/v21_mail.go:241.2,242.1 3 1
github.com/rxjh-emu/server/cmd/gameserver/packet/v21_mail.go:243.2,244.35 3 1
github.com/rxjh-emu/server/cmd/gameserver/packet/v21_mail.go:245.3,246.22 2 1
github.com/rxjh-emu/server/cmd/gameserver/packet/v21_mail.go:247.4,247.12 1 1
github.com/rxjh-emu/server/cmd/gameserver/packet/v21_mail.go:249.3,249.23 1 1
github.com/rxjh-emu/server/cmd/gameserver/packet/v21_mail.go:250.4,251.21 2 1
github.com/rxjh-emu/server/cmd/gameserver/packet/v21_mail.go:252.5,252.80 1 1
github.com/rxjh-emu/server/cmd/gameserver/packet/v21_mail.go:253.6,254.1 1 0
github.com/rxjh-emu/server/cmd/gameserver/packet/v21_mail.go:256.4,256.47 1 1
github.com/rxjh-emu/server/cmd/gameserver/packet/v21_mail.go:258.3,258.59 1 1
github.com/rxjh-emu/server/cmd/gameserver/packet/v21_mail.go:268.2,275.1 8 1
github.com/rxjh-emu/server/cmd/gameserver/packet/v21_mail.go:276.2,276.33 8 1
github.com/rxjh-emu/server/cmd/gameserver/packet/v21_mail.go:277.3,287.1 10 1
github.com/rxjh-emu/server/cmd/gameserver/packet/v21_mail.go:289.2,290.14 2 1
github.com/rxjh-emu/server/cmd/gameserver/packet/v21_mail.go:298.2,298.33 1 1
github.com/rxjh-emu/server/cmd/gameserver/packet/v21_mail.go:299.3,299.23 1 1
github.com/rxjh-emu/server/cmd/gameserver/packet/v21_mail.go:300.4,300.12 1 1
github.com/rxjh-emu/server/cmd/gameserver/packet/v21_mail.go:302.3,304.30 3 1
github.com/rxjh-emu/server/cmd/gameserver/packet/v21_mail.go:305.4,306.1 1 0
github.com/rxjh-emu/server/cmd/gameserver/packet/v21_mail.go:307.3,307.20 1 1
github.com/rxjh-emu/server/cmd/gameserver/packet/v21_mail.go:315.2,325.1 10 1
github.com/rxjh-emu/server/cmd/gameserver/packet/v21_mail.go:338.2,339.1 3 1
github.com/rxjh-emu/server/cmd/gameserver/packet/v21_mail.go:340.2,341.16 3 1
github.com/rxjh-emu/server/cmd/gameserver/packet/v21_mail.go:342.3,343.1 1 0
github.com/rxjh-emu/server/cmd/gameserver/packet/v21_mail.go:344.2,346.1 5 1
github.com/rxjh-emu/server/cmd/gameserver/packet/v21_mail.go:347.2,349.57 5 1
github.com/rxjh-emu/server/cmd/gameserver/packet/v21_mail.go:356.2,357.20 2 1
github.com/rxjh-emu/server/cmd/gameserver/packet/v21_mail.go:358.3,359.1 1 1
github.com/rxjh-emu/server/cmd/gameserver/packet/v21_mail.go:361.2,367.4 1 1
github.com/rxjh-emu/server/cmd/gameserver/packet/v21_martial.go:36.2,37.1 14 1
github.com/rxjh-emu/server/cmd/gameserver/packet/v21_martial.go:38.2,49.1 14 1
github.com/rxjh-emu/server/cmd/gameserver/packet/v21_martial.go:52.2,53.45 14 1
github.com/rxjh-emu/server/cmd/gameserver/packet/v21_martial.go:54.3,54.28 1 1
github.com/rxjh-emu/server/cmd/gameserver/packet/v21_martial.go:55.4,56.12 2 1
github.com/rxjh-emu/server/cmd/gameserver/packet/v21_martial.go:59.3,61.53 3 1
github.com/rxjh-emu/server/cmd/gameserver/packet/v21_martial.go:64.2,65.1 2 1
github.com/rxjh-emu/server/cmd/gameserver/packet/v21_martial.go:68.2,68.52 2 1
github.com/rxjh-emu/server/cmd/gameserver/packet/v21_martial.go:69.3,70.1 1 1
github.com/rxjh-emu/server/cmd/gameserver/packet/v21_martial.go:71.2,71.51 1 1
github.com/rxjh-emu/server/cmd/gameserver/packet/v21_martial.go:72.3,73.1 1 1
github.com/rxjh-emu/server/cmd/gameserver/packet/v21_martial.go:74.2,75.51 2 1
github.com/rxjh-emu/server/cmd/gameserver/packet/v21_martial.go:76.3,77.1 1 1
github.com/rxjh-emu/server/cmd/gameserver/packet/v21_martial.go:79.2,79.52 1 1
github.com/rxjh-emu/server/cmd/gameserver/packet/v21_martial.go:80.3,81.1 1 1
github.com/rxjh-emu/server/cmd/gameserver/packet/v21_martial.go:82.2,82.51 1 1
github.com/rxjh-emu/server/cmd/gameserver/packet/v21_martial.go:83.3,84.1 1 1
github.com/rxjh-emu/server/cmd/gameserver/packet/v21_martial.go:85.2,85.53 1 1
github.com/rxjh-emu/server/cmd/gameserver/packet/v21_martial.go:86.3,87.1 1 1
github.com/rxjh-emu/server/cmd/gameserver/packet/v21_martial.go:89.2,89.52 1 1
github.com/rxjh-emu/server/cmd/gameserver/packet/v21_martial.go:90.3,91.1 1 1
github.com/rxjh-emu/server/cmd/gameserver/packet/v21_martial.go:92.2,92.51 1 1
github.com/rxjh-emu/server/cmd/gameserver/packet/v21_martial.go:93.3,94.1 1 1
github.com/rxjh-emu/server/cmd/gameserver/packet/v21_martial.go:95.2,95.53 1 1
github.com/rxjh-emu/server/cmd/gameserver/packet/v21_martial.go:96.3,97.1 1 1
github.com/rxjh-emu/server/cmd/gameserver/packet/v21_martial.go:102.2,103.28 2 1
github.com/rxjh-emu/server/cmd/gameserver/packet/v21_martial.go:104.3,105.1 1 1
github.com/rxjh-emu/server/cmd/gameserver/packet/v21_martial.go:106.3,107.1 1 1
github.com/rxjh-emu/server/cmd/gameserver/packet/v21_martial.go:114.2,120.1 9 1
github.com/rxjh-emu/server/cmd/gameserver/packet/v21_martial.go:124.2,126.1 9 1
github.com/rxjh-emu/server/cmd/gameserver/packet/v21_martial.go:127.2,127.54 9 1
github.com/rxjh-emu/server/cmd/gameserver/packet/v21_martial.go:128.3,130.1 2 1
github.com/rxjh-emu/server/cmd/gameserver/packet/v21_martial.go:134.2,135.1 2 1
github.com/rxjh-emu/server/cmd/gameserver/packet/v21_martial.go:138.2,138.45 2 1
github.com/rxjh-emu/server/cmd/gameserver/packet/v21_martial.go:139.3,139.51 1 1
github.com/rxjh-emu/server/cmd/gameserver/packet/v21_martial.go:140.4,141.12 2 1
github.com/rxjh-emu/server/cmd/gameserver/packet/v21_martial.go:143.3,143.10 1 1
github.com/rxjh-emu/server/cmd/gameserver/packet/v21_martial.go:145.2,146.1 14 1
github.com/rxjh-emu/server/cmd/gameserver/packet/v21_martial.go:147.2,148.1 14 1
github.com/rxjh-emu/server/cmd/gameserver/packet/v21_martial.go:151.2,154.1 14 1
github.com/rxjh-emu/server/cmd/gameserver/packet/v21_martial.go:160.2,161.1 14 1
github.com/rxjh-emu/server/cmd/gameserver/packet/v21_martial.go:165.2,172.1 14 1
github.com/rxjh-emu/server/cmd/gameserver/packet/v21_martial.go:174.2,174.31 14 1
github.com/rxjh-emu/server/cmd/gameserver/packet/v21_martial.go:175.3,175.39 1 1
github.com/rxjh-emu/server/cmd/gameserver/packet/v21_martial.go:176.4,179.1 3 1
github.com/rxjh-emu/server/cmd/gameserver/packet/v21_martial.go:180.3,180.10 1 1
github.com/rxjh-emu/server/cmd/gameserver/packet/v21_martial.go:189.2,190.30 2 1
github.com/rxjh-emu/server/cmd/gameserver/packet/v21_martial.go:191.3,191.27 1 1
github.com/rxjh-emu/server/cmd/gameserver/packet/v21_martial.go:192.4,193.1 1 1
github.com/rxjh-emu/server/cmd/gameserver/packet/v21_martial.go:195.2,195.18 1 1
github.com/rxjh-emu/server/cmd/gameserver/packet/v21_martial.go:199.2,199.47 1 1
github.com/rxjh-emu/server/cmd/gameserver/packet/v21_martial.go:200.3,201.1 1 1
github.com/rxjh-emu/server/cmd/gameserver/packet/v21_martial.go:202.2,202.10 1 1
github.com/rxjh-emu/server/cmd/gameserver/packet/v21_martial.go:206.2,206.47 1 1
github.com/rxjh-emu/server/cmd/gameserver/packet/v21_martial.go:207.3,208.1 1 1
github.com/rxjh-emu/server/cmd/gameserver/packet/v21_martial.go:209.2,209.10 1 1
github.com/rxjh-emu/server/cmd/gameserver/packet/v21_martial.go:213.2,213.47 1 1
github.com/rxjh-emu/server/cmd/gameserver/packet/v21_martial.go:214.3,215.1 1 1
github.com/rxjh-emu/server/cmd/gameserver/packet/v21_martial.go:216.2,216.10 1 1
github.com/rxjh-emu/server/cmd/gameserver/packet/v21_martial.go:223.2,224.47 2 1
github.com/rxjh-emu/server/cmd/gameserver/packet/v21_martial.go:224.49,224.82 1 1
github.com/rxjh-emu/server/cmd/gameserver/packet/v21_mobile.go:40.2,40.27 1 1
github.com/rxjh-emu/server/cmd/gameserver/packet/v21_mobile.go:41.3,42.1 1 1
github.com/rxjh-emu/server/cmd/gameserver/packet/v21_mobile.go:44.2,46.1 8 1
github.com/rxjh-emu/server/cmd/gameserver/packet/v21_mobile.go:52.2,54.1 8 1
github.com/rxjh-emu/server/cmd/gameserver/packet/v21_mobile.go:55.2,57.1 8 1
github.com/rxjh-emu/server/cmd/gameserver/packet/v21_mobile.go:60.2,61.36 8 1
github.com/rxjh-emu/server/cmd/gameserver/packet/v21_npctransport.go:28.2,28.27 1 1
github.com/rxjh-emu/server/cmd/gameserver/packet/v21_npctransport.go:29.3,30.1 1 1
github.com/rxjh-emu/server/cmd/gameserver/packet/v21_npctransport.go:32.2,35.1 4 1
github.com/rxjh-emu/server/cmd/gameserver/packet/v21_npctransport.go:36.2,36.89 4 1
github.com/rxjh-emu/server/cmd/gameserver/packet/v21_npctransport.go:37.3,38.1 1 1
github.com/rxjh-emu/server/cmd/gameserver/packet/v21_npctransport.go:39.2,39.37 1 1
github.com/rxjh-emu/server/cmd/gameserver/packet/v21_party.go:46.2,47.47 2 1
github.com/rxjh-emu/server/cmd/gameserver/packet/v21_party.go:48.3,49.1 1 0
github.com/rxjh-emu/server/cmd/gameserver/packet/v21_party.go:50.2,51.1 3 1
github.com/rxjh-emu/server/cmd/gameserver/packet/v21_party.go:52.2,53.56 3 1
github.com/rxjh-emu/server/cmd/gameserver/packet/v21_party.go:54.3,55.29 2 1
github.com/rxjh-emu/server/cmd/gameserver/packet/v21_party.go:56.4,56.23 1 1
github.com/rxjh-emu/server/cmd/gameserver/packet/v21_party.go:57.5,57.13 1 0
github.com/rxjh-emu/server/cmd/gameserver/packet/v21_party.go:59.4,68.28 10 1
github.com/rxjh-emu/server/cmd/gameserver/packet/v21_party.go:69.5,70.1 1 1
github.com/rxjh-emu/server/cmd/gameserver/packet/v21_party.go:79.2,80.47 2 1
github.com/rxjh-emu/server/cmd/gameserver/packet/v21_party.go:81.3,82.1 1 0
github.com/rxjh-emu/server/cmd/gameserver/packet/v21_party.go:83.2,84.1 2 1
github.com/rxjh-emu/server/cmd/gameserver/packet/v21_party.go:87.2,87.56 2 1
github.com/rxjh-emu/server/cmd/gameserver/packet/v21_party.go:88.3,90.1 2 0
github.com/rxjh-emu/server/cmd/gameserver/packet/v21_party.go:91.2,91.22 1 1
github.com/rxjh-emu/server/cmd/gameserver/packet/v21_party.go:92.3,94.1 2 0
github.com/rxjh-emu/server/cmd/gameserver/packet/v21_party.go:96.2,97.40 2 1
github.com/rxjh-emu/server/cmd/gameserver/packet/v21_party.go:98.3,98.24 1 0
github.com/rxjh-emu/server/cmd/gameserver/packet/v21_party.go:99.4,100.1 1 0
github.com/rxjh-emu/server/cmd/gameserver/packet/v21_party.go:101.3,101.9 1 0
github.com/rxjh-emu/server/cmd/gameserver/packet/v21_party.go:106.2,106.43 1 1
github.com/rxjh-emu/server/cmd/gameserver/packet/v21_party.go:107.3,109.1 2 1
github.com/rxjh-emu/server/cmd/gameserver/packet/v21_party.go:110.2,110.29 1 1
github.com/rxjh-emu/server/cmd/gameserver/packet/v21_party.go:111.3,112.1 1 0
github.com/rxjh-emu/server/cmd/gameserver/packet/v21_party.go:113.2,114.75 2 1
github.com/rxjh-emu/server/cmd/gameserver/packet/v21_party.go:115.3,117.1 2 0
github.com/rxjh-emu/server/cmd/gameserver/packet/v21_party.go:119.2,119.30 1 1
github.com/rxjh-emu/server/cmd/gameserver/packet/v21_party.go:122.3,122.47 1 1
github.com/rxjh-emu/server/cmd/gameserver/packet/v21_party.go:123.4,125.1 2 0
github.com/rxjh-emu/server/cmd/gameserver/packet/v21_party.go:127.3,134.1 6 1
github.com/rxjh-emu/server/cmd/gameserver/packet/v21_party.go:135.3,139.31 6 1
github.com/rxjh-emu/server/cmd/gameserver/packet/v21_party.go:141.3,142.15 2 0
github.com/rxjh-emu/server/cmd/gameserver/packet/v21_party.go:143.4,144.1 1 0
github.com/rxjh-emu/server/cmd/gameserver/packet/v21_party.go:145.3,145.42 1 0
github.com/rxjh-emu/server/cmd/gameserver/packet/v21_party.go:146.4,148.1 2 0
github.com/rxjh-emu/server/cmd/gameserver/packet/v21_party.go:149.3,149.56 1 0
github.com/rxjh-emu/server/cmd/gameserver/packet/v21_party.go:150.4,151.1 1 0
github.com/rxjh-emu/server/cmd/gameserver/packet/v21_party.go:152.3,152.50 1 0
github.com/rxjh-emu/server/cmd/gameserver/packet/v21_party.go:153.4,155.1 2 0
github.com/rxjh-emu/server/cmd/gameserver/packet/v21_party.go:156.3,158.31 3 0
github.com/rxjh-emu/server/cmd/gameserver/packet/v21_party.go:161.2,162.1 3 1
github.com/rxjh-emu/server/cmd/gameserver/packet/v21_party.go:165.2,166.54 3 1
github.com/rxjh-emu/server/cmd/gameserver/packet/v21_party.go:171.2,172.27 2 0
github.com/rxjh-emu/server/cmd/gameserver/packet/v21_party.go:173.3,174.1 1 0
github.com/rxjh-emu/server/cmd/gameserver/packet/v21_party.go:175.2,176.1 3 0
github.com/rxjh-emu/server/cmd/gameserver/packet/v21_party.go:177.2,178.14 3 0
github.com/rxjh-emu/server/cmd/gameserver/packet/v21_party.go:179.3,180.1 1 0
github.com/rxjh-emu/server/cmd/gameserver/packet/v21_party.go:181.2,181.22 1 0
github.com/rxjh-emu/server/cmd/gameserver/packet/v21_party.go:182.3,186.1 4 0
github.com/rxjh-emu/server/cmd/gameserver/packet/v21_party.go:187.2,187.25 1 0
github.com/rxjh-emu/server/cmd/gameserver/packet/v21_party.go:188.3,189.1 1 0
github.com/rxjh-emu/server/cmd/gameserver/packet/v21_party.go:190.2,191.31 2 0
github.com/rxjh-emu/server/cmd/gameserver/packet/v21_party.go:198.2,199.47 2 1
github.com/rxjh-emu/server/cmd/gameserver/packet/v21_party.go:200.3,201.1 1 0
github.com/rxjh-emu/server/cmd/gameserver/packet/v21_party.go:203.2,205.1 4 1
github.com/rxjh-emu/server/cmd/gameserver/packet/v21_party.go:206.2,207.63 4 1
github.com/rxjh-emu/server/cmd/gameserver/packet/v21_party.go:208.3,208.23 1 0
github.com/rxjh-emu/server/cmd/gameserver/packet/v21_party.go:209.4,210.1 1 0
github.com/rxjh-emu/server/cmd/gameserver/packet/v21_party.go:211.3,211.11 1 0
github.com/rxjh-emu/server/cmd/gameserver/packet/v21_party.go:214.2,214.14 1 1
github.com/rxjh-emu/server/cmd/gameserver/packet/v21_party.go:216.3,216.26 1 1
github.com/rxjh-emu/server/cmd/gameserver/packet/v21_party.go:218.3,218.29 1 1
github.com/rxjh-emu/server/cmd/gameserver/packet/v21_party.go:225.2,228.1 4 1
github.com/rxjh-emu/server/cmd/gameserver/packet/v21_party.go:229.2,229.33 4 1
github.com/rxjh-emu/server/cmd/gameserver/packet/v21_party.go:230.3,231.1 1 0
github.com/rxjh-emu/server/cmd/gameserver/packet/v21_party.go:232.2,234.25 3 1
github.com/rxjh-emu/server/cmd/gameserver/packet/v21_party.go:235.3,238.1 3 1
github.com/rxjh-emu/server/cmd/gameserver/packet/v21_party.go:239.2,240.25 2 0
github.com/rxjh-emu/server/cmd/gameserver/packet/v21_party.go:247.2,248.14 2 1
github.com/rxjh-emu/server/cmd/gameserver/packet/v21_party.go:249.3,250.1 1 0
github.com/rxjh-emu/server/cmd/gameserver/packet/v21_party.go:251.2,252.20 2 1
github.com/rxjh-emu/server/cmd/gameserver/packet/v21_party.go:253.3,254.1 1 0
github.com/rxjh-emu/server/cmd/gameserver/packet/v21_party.go:255.2,256.31 2 1
github.com/rxjh-emu/server/cmd/gameserver/packet/v21_party.go:257.3,257.49 1 1
github.com/rxjh-emu/server/cmd/gameserver/packet/v21_party.go:258.4,262.1 4 1
github.com/rxjh-emu/server/cmd/gameserver/packet/v21_party.go:262.10,262.44 1 0
github.com/rxjh-emu/server/cmd/gameserver/packet/v21_party.go:263.4,264.1 1 0
github.com/rxjh-emu/server/cmd/gameserver/packet/v21_party.go:265.3,265.9 1 1
github.com/rxjh-emu/server/cmd/gameserver/packet/v21_party.go:267.2,269.69 3 0
github.com/rxjh-emu/server/cmd/gameserver/packet/v21_party.go:274.2,275.48 2 0
github.com/rxjh-emu/server/cmd/gameserver/packet/v21_party.go:276.3,277.1 1 0
github.com/rxjh-emu/server/cmd/gameserver/packet/v21_party.go:284.2,285.48 2 0
github.com/rxjh-emu/server/cmd/gameserver/packet/v21_party.go:286.3,287.1 1 0
github.com/rxjh-emu/server/cmd/gameserver/packet/v21_party.go:288.2,289.14 2 0
github.com/rxjh-emu/server/cmd/gameserver/packet/v21_party.go:290.3,291.1 1 0
github.com/rxjh-emu/server/cmd/gameserver/packet/v21_party.go:293.2,296.1 5 0
github.com/rxjh-emu/server/cmd/gameserver/packet/v21_party.go:297.2,298.33 5 0
github.com/rxjh-emu/server/cmd/gameserver/packet/v21_party.go:299.3,300.1 1 0
github.com/rxjh-emu/server/cmd/gameserver/packet/v21_party.go:302.2,302.14 1 0
github.com/rxjh-emu/server/cmd/gameserver/packet/v21_party.go:304.3,304.20 1 0
github.com/rxjh-emu/server/cmd/gameserver/packet/v21_party.go:305.4,306.1 1 0
github.com/rxjh-emu/server/cmd/gameserver/packet/v21_party.go:308.3,308.20 1 0
github.com/rxjh-emu/server/cmd/gameserver/packet/v21_party.go:309.4,310.1 1 0
github.com/rxjh-emu/server/cmd/gameserver/packet/v21_party.go:317.2,318.47 2 1
github.com/rxjh-emu/server/cmd/gameserver/packet/v21_party.go:319.3,320.1 1 0
github.com/rxjh-emu/server/cmd/gameserver/packet/v21_party.go:321.2,322.14 2 1
github.com/rxjh-emu/server/cmd/gameserver/packet/v21_party.go:323.3,324.1 1 0
github.com/rxjh-emu/server/cmd/gameserver/packet/v21_party.go:325.2,326.30 2 1
github.com/rxjh-emu/server/cmd/gameserver/packet/v21_party.go:327.3,328.1 1 1
github.com/rxjh-emu/server/cmd/gameserver/packet/v21_party.go:334.2,334.30 1 1
github.com/rxjh-emu/server/cmd/gameserver/packet/v21_party.go:335.3,335.15 1 1
github.com/rxjh-emu/server/cmd/gameserver/packet/v21_party.go:336.4,336.12 1 1
github.com/rxjh-emu/server/cmd/gameserver/packet/v21_party.go:338.3,339.52 2 1
github.com/rxjh-emu/server/cmd/gameserver/packet/v21_party.go:341.2,341.30 1 1
github.com/rxjh-emu/server/cmd/gameserver/packet/v21_party.go:342.3,343.1 1 1
github.com/rxjh-emu/server/cmd/gameserver/packet/v21_party.go:350.2,351.22 2 0
github.com/rxjh-emu/server/cmd/gameserver/packet/v21_party.go:352.3,353.1 1 0
github.com/rxjh-emu/server/cmd/gameserver/packet/v21_party.go:355.2,355.25 1 0
github.com/rxjh-emu/server/cmd/gameserver/packet/v21_party.go:356.3,357.1 1 0
github.com/rxjh-emu/server/cmd/gameserver/packet/v21_party.go:357.9,357.52 1 0
github.com/rxjh-emu/server/cmd/gameserver/packet/v21_party.go:358.3,358.31 1 0
github.com/rxjh-emu/server/cmd/gameserver/packet/v21_party.go:359.4,360.9 2 0
github.com/rxjh-emu/server/cmd/gameserver/packet/v21_party.go:362.3,362.31 1 0
github.com/rxjh-emu/server/cmd/gameserver/packet/v21_party.go:363.4,364.1 1 0
github.com/rxjh-emu/server/cmd/gameserver/packet/v21_party.go:366.3,366.31 1 0
github.com/rxjh-emu/server/cmd/gameserver/packet/v21_party.go:367.4,369.1 2 0
github.com/rxjh-emu/server/cmd/gameserver/packet/v21_party.go:372.2,374.27 3 0
github.com/rxjh-emu/server/cmd/gameserver/packet/v21_party.go:379.2,381.30 3 0
github.com/rxjh-emu/server/cmd/gameserver/packet/v21_party.go:382.3,384.1 2 0
github.com/rxjh-emu/server/cmd/gameserver/packet/v21_party.go:389.2,390.28 2 1
github.com/rxjh-emu/server/cmd/gameserver/packet/v21_party.go:391.3,392.1 1 1
github.com/rxjh-emu/server/cmd/gameserver/packet/v21_party.go:399.2,408.1 9 1
github.com/rxjh-emu/server/cmd/gameserver/packet/v21_party.go:411.2,414.1 3 1
github.com/rxjh-emu/server/cmd/gameserver/packet/v21_party.go:420.2,421.26 2 1
github.com/rxjh-emu/server/cmd/gameserver/packet/v21_party.go:422.3,423.1 1 1
github.com/rxjh-emu/server/cmd/gameserver/packet/v21_party.go:424.3,425.1 1 0
github.com/rxjh-emu/server/cmd/gameserver/packet/v21_party.go:426.2,429.14 4 1
github.com/rxjh-emu/server/cmd/gameserver/packet/v21_party.go:435.2,442.1 7 0
github.com/rxjh-emu/server/cmd/gameserver/packet/v21_party.go:445.2,448.1 3 1
github.com/rxjh-emu/server/cmd/gameserver/packet/v21_party.go:451.2,454.1 3 0
github.com/rxjh-emu/server/cmd/gameserver/packet/v21_party.go:457.2,461.1 4 1
github.com/rxjh-emu/server/cmd/gameserver/packet/v21_party.go:467.2,468.29 2 1
github.com/rxjh-emu/server/cmd/gameserver/packet/v21_party.go:469.3,475.29 7 1
github.com/rxjh-emu/server/cmd/gameserver/packet/v21_party.go:476.4,476.21 1 1
github.com/rxjh-emu/server/cmd/gameserver/packet/v21_party.go:477.5,478.1 1 1
github.com/rxjh-emu/server/cmd/gameserver/packet/v21_party.go:479.5,480.1 1 1
github.com/rxjh-emu/server/cmd/gameserver/packet/v21_party.go:483.2,483.20 1 1
github.com/rxjh-emu/server/cmd/gameserver/packet/v21_party.go:484.3,485.1 1 1
github.com/rxjh-emu/server/cmd/gameserver/packet/v21_party.go:489.2,490.13 2 1
github.com/rxjh-emu/server/cmd/gameserver/packet/v21_party.go:491.3,492.1 1 1
github.com/rxjh-emu/server/cmd/gameserver/packet/v21_party.go:493.2,504.9 12 1
github.com/rxjh-emu/server/cmd/gameserver/packet/v21_party.go:510.2,511.21 2 1
github.com/rxjh-emu/server/cmd/gameserver/packet/v21_party.go:512.3,512.49 1 1
github.com/rxjh-emu/server/cmd/gameserver/packet/v21_party.go:513.4,514.1 1 1
github.com/rxjh-emu/server/cmd/gameserver/packet/v21_party.go:516.2,517.28 2 1
github.com/rxjh-emu/server/cmd/gameserver/packet/v21_party.go:518.3,518.48 1 1
github.com/rxjh-emu/server/cmd/gameserver/packet/v21_party.go:519.4,519.12 1 1
github.com/rxjh-emu/server/cmd/gameserver/packet/v21_party.go:521.3,521.24 1 1
github.com/rxjh-emu/server/cmd/gameserver/packet/v21_party.go:523.2,524.25 2 1
github.com/rxjh-emu/server/cmd/gameserver/packet/v21_party.go:525.3,526.1 1 1
github.com/rxjh-emu/server/cmd/gameserver/packet/v21_party.go:527.2,527.12 1 1
github.com/rxjh-emu/server/cmd/gameserver/packet/v21_party.go:531.2,532.1 1 1
github.com/rxjh-emu/server/cmd/gameserver/packet/v21_party.go:542.2,544.1 4 1
github.com/rxjh-emu/server/cmd/gameserver/packet/v21_party.go:545.2,546.39 4 1
github.com/rxjh-emu/server/cmd/gameserver/packet/v21_party.go:547.3,548.1 1 0
github.com/rxjh-emu/server/cmd/gameserver/packet/v21_party.go:549.2,550.1 3 1
github.com/rxjh-emu/server/cmd/gameserver/packet/v21_party.go:551.2,552.1 3 1
github.com/rxjh-emu/server/cmd/gameserver/packet/v21_party.go:554.2,554.48 3 1
github.com/rxjh-emu/server/cmd/gameserver/packet/v21_party.go:555.3,556.1 1 0
github.com/rxjh-emu/server/cmd/gameserver/packet/v21_party.go:557.2,558.1 2 1
github.com/rxjh-emu/server/cmd/gameserver/packet/v21_party.go:559.2,559.32 2 1
github.com/rxjh-emu/server/cmd/gameserver/packet/v21_party.go:564.2,566.48 3 1
github.com/rxjh-emu/server/cmd/gameserver/packet/v21_party.go:567.3,568.1 1 0
github.com/rxjh-emu/server/cmd/gameserver/packet/v21_party.go:569.2,570.32 2 1
github.com/rxjh-emu/server/cmd/gameserver/packet/v21_party.go:574.2,575.55 2 1
github.com/rxjh-emu/server/cmd/gameserver/packet/v21_party.go:576.3,577.1 1 0
github.com/rxjh-emu/server/cmd/gameserver/packet/v21_party.go:578.2,578.28 1 1
github.com/rxjh-emu/server/cmd/gameserver/packet/v21_party.go:583.2,584.24 2 1
github.com/rxjh-emu/server/cmd/gameserver/packet/v21_party.go:585.3,585.13 1 1
github.com/rxjh-emu/server/cmd/gameserver/packet/v21_party.go:586.4,587.9 2 1
github.com/rxjh-emu/server/cmd/gameserver/packet/v21_party.go:590.2,590.26 1 1
github.com/rxjh-emu/server/cmd/gameserver/packet/v21_party.go:597.2,597.42 1 1
github.com/rxjh-emu/server/cmd/gameserver/packet/v21_party.go:598.3,598.16 1 1
github.com/rxjh-emu/server/cmd/gameserver/packet/v21_party.go:599.4,599.12 1 1
github.com/rxjh-emu/server/cmd/gameserver/packet/v21_party.go:601.3,601.57 1 1
github.com/rxjh-emu/server/cmd/gameserver/packet/v21_party.go:602.4,603.1 1 1
github.com/rxjh-emu/server/cmd/gameserver/packet/v21_party.go:605.2,605.12 1 1
github.com/rxjh-emu/server/cmd/gameserver/packet/v21_party.go:609.2,609.11 1 1
github.com/rxjh-emu/server/cmd/gameserver/packet/v21_party.go:610.3,611.1 1 1
github.com/rxjh-emu/server/cmd/gameserver/packet/v21_party.go:612.2,612.10 1 0
github.com/rxjh-emu/server/cmd/gameserver/packet/v21_party.go:616.2,616.30 1 1
github.com/rxjh-emu/server/cmd/gameserver/packet/v21_party.go:617.3,617.43 1 0
github.com/rxjh-emu/server/cmd/gameserver/packet/v21_party.go:618.4,619.1 1 0
github.com/rxjh-emu/server/cmd/gameserver/packet/v21_petaction.go:58.2,58.21 1 1
github.com/rxjh-emu/server/cmd/gameserver/packet/v21_petaction.go:63.3,64.1 1 1
github.com/rxjh-emu/server/cmd/gameserver/packet/v21_petaction.go:65.2,65.63 1 1
github.com/rxjh-emu/server/cmd/gameserver/packet/v21_petaction.go:72.2,73.1 2 1
github.com/rxjh-emu/server/cmd/gameserver/packet/v21_petaction.go:74.2,74.16 2 1
github.com/rxjh-emu/server/cmd/gameserver/packet/v21_petaction.go:76.3,76.15 1 1
github.com/rxjh-emu/server/cmd/gameserver/packet/v21_petaction.go:77.4,78.1 1 1
github.com/rxjh-emu/server/cmd/gameserver/packet/v21_petaction.go:79.3,80.1 2 1
github.com/rxjh-emu/server/cmd/gameserver/packet/v21_petaction.go:83.3,83.31 2 1
github.com/rxjh-emu/server/cmd/gameserver/packet/v21_petaction.go:90.3,97.15 8 1
github.com/rxjh-emu/server/cmd/gameserver/packet/v21_petaction.go:104.4,105.1 1 1
github.com/rxjh-emu/server/cmd/gameserver/packet/v21_petaction.go:108.3,108.15 1 1
github.com/rxjh-emu/server/cmd/gameserver/packet/v21_petaction.go:109.4,110.1 1 1
github.com/rxjh-emu/server/cmd/gameserver/packet/v21_petaction.go:111.3,113.40 3 1
github.com/rxjh-emu/server/cmd/gameserver/packet/v21_petaction.go:116.2,116.41 1 1
github.com/rxjh-emu/server/cmd/gameserver/packet/v21_petname.go:66.2,69.23 2 0
github.com/rxjh-emu/server/cmd/gameserver/packet/v21_petname.go:70.3,71.1 1 0
github.com/rxjh-emu/server/cmd/gameserver/packet/v21_petname.go:72.2,72.22 1 0
github.com/rxjh-emu/server/cmd/gameserver/packet/v21_petname.go:76.2,79.23 2 0
github.com/rxjh-emu/server/cmd/gameserver/packet/v21_petname.go:80.3,81.1 1 0
github.com/rxjh-emu/server/cmd/gameserver/packet/v21_petname.go:82.2,82.22 1 0
github.com/rxjh-emu/server/cmd/gameserver/packet/v21_petname.go:90.2,91.1 2 1
github.com/rxjh-emu/server/cmd/gameserver/packet/v21_petname.go:99.2,99.49 2 1
github.com/rxjh-emu/server/cmd/gameserver/packet/v21_petname.go:100.3,101.1 1 1
github.com/rxjh-emu/server/cmd/gameserver/packet/v21_petname.go:105.2,108.1 7 1
github.com/rxjh-emu/server/cmd/gameserver/packet/v21_petname.go:109.2,111.1 7 1
github.com/rxjh-emu/server/cmd/gameserver/packet/v21_petname.go:115.2,116.16 7 1
github.com/rxjh-emu/server/cmd/gameserver/packet/v21_petname.go:117.3,119.1 2 0
github.com/rxjh-emu/server/cmd/gameserver/packet/v21_petname.go:125.2,125.24 1 1
github.com/rxjh-emu/server/cmd/gameserver/packet/v21_petname.go:126.3,127.1 3 1
github.com/rxjh-emu/server/cmd/gameserver/packet/v21_petname.go:131.3,133.1 3 1
github.com/rxjh-emu/server/cmd/gameserver/packet/v21_petname.go:135.2,135.11 1 1
github.com/rxjh-emu/server/cmd/gameserver/packet/v21_petname.go:140.3,140.82 1 1
github.com/rxjh-emu/server/cmd/gameserver/packet/v21_petname.go:141.4,143.1 2 0
github.com/rxjh-emu/server/cmd/gameserver/packet/v21_petname.go:150.3,150.41 1 1
github.com/rxjh-emu/server/cmd/gameserver/packet/v21_petname.go:151.4,155.1 4 1
github.com/rxjh-emu/server/cmd/gameserver/packet/v21_petname.go:156.3,156.9 1 1
github.com/rxjh-emu/server/cmd/gameserver/packet/v21_petname.go:163.2,164.16 2 1
github.com/rxjh-emu/server/cmd/gameserver/packet/v21_petname.go:165.3,167.1 2 0
github.com/rxjh-emu/server/cmd/gameserver/packet/v21_petname.go:168.2,168.13 1 1
github.com/rxjh-emu/server/cmd/gameserver/packet/v21_petname.go:171.3,173.1 2 1
github.com/rxjh-emu/server/cmd/gameserver/packet/v21_petname.go:176.2,177.38 2 1
github.com/rxjh-emu/server/cmd/gameserver/packet/v21_production.go:48.29,48.52 1 1
github.com/rxjh-emu/server/cmd/gameserver/packet/v21_production.go:60.39,60.77 1 1
github.com/rxjh-emu/server/cmd/gameserver/packet/v21_production.go:68.44,68.74 1 1
github.com/rxjh-emu/server/cmd/gameserver/packet/v21_production.go:73.2,74.1 1 1
github.com/rxjh-emu/server/cmd/gameserver/packet/v21_production.go:81.2,85.1 4 1
github.com/rxjh-emu/server/cmd/gameserver/packet/v21_production.go:94.2,95.1 1 1
github.com/rxjh-emu/server/cmd/gameserver/packet/v21_production.go:100.2,101.1 1 1
github.com/rxjh-emu/server/cmd/gameserver/packet/v21_production.go:107.2,111.1 4 1
github.com/rxjh-emu/server/cmd/gameserver/packet/v21_production.go:116.2,117.1 1 1
github.com/rxjh-emu/server/cmd/gameserver/packet/v21_production.go:125.2,128.1 3 1
github.com/rxjh-emu/server/cmd/gameserver/packet/v21_production.go:136.2,137.1 1 1
github.com/rxjh-emu/server/cmd/gameserver/packet/v21_production.go:147.2,148.24 2 1
github.com/rxjh-emu/server/cmd/gameserver/packet/v21_production.go:149.3,150.1 1 1
github.com/rxjh-emu/server/cmd/gameserver/packet/v21_production.go:152.2,152.56 1 1
github.com/rxjh-emu/server/cmd/gameserver/packet/v21_production.go:163.2,163.49 1 1
github.com/rxjh-emu/server/cmd/gameserver/packet/v21_production.go:164.3,165.36 2 1
github.com/rxjh-emu/server/cmd/gameserver/packet/v21_production.go:166.4,172.1 6 1
github.com/rxjh-emu/server/cmd/gameserver/packet/v21_production.go:202.2,202.50 1 1
github.com/rxjh-emu/server/cmd/gameserver/packet/v21_production.go:203.3,204.1 1 0
github.com/rxjh-emu/server/cmd/gameserver/packet/v21_production.go:205.2,205.40 1 1
github.com/rxjh-emu/server/cmd/gameserver/packet/v21_production.go:205.42,205.61 1 1
github.com/rxjh-emu/server/cmd/gameserver/packet/v21_production.go:206.2,206.29 1 1
github.com/rxjh-emu/server/cmd/gameserver/packet/v21_production.go:225.2,226.22 2 1
github.com/rxjh-emu/server/cmd/gameserver/packet/v21_production.go:227.3,228.1 1 1
github.com/rxjh-emu/server/cmd/gameserver/packet/v21_production.go:230.2,231.38 2 1
github.com/rxjh-emu/server/cmd/gameserver/packet/v21_production.go:232.3,233.1 1 1
github.com/rxjh-emu/server/cmd/gameserver/packet/v21_production.go:235.2,236.1 6 1
github.com/rxjh-emu/server/cmd/gameserver/packet/v21_production.go:242.2,245.1 6 1
github.com/rxjh-emu/server/cmd/gameserver/packet/v21_production.go:246.2,247.42 6 1
github.com/rxjh-emu/server/cmd/gameserver/packet/v21_production.go:257.2,258.1 3 1
github.com/rxjh-emu/server/cmd/gameserver/packet/v21_production.go:259.2,260.9 3 1
github.com/rxjh-emu/server/cmd/gameserver/packet/v21_production.go:261.3,262.1 1 0
github.com/rxjh-emu/server/cmd/gameserver/packet/v21_production.go:264.2,264.31 1 1
github.com/rxjh-emu/server/cmd/gameserver/packet/v21_production.go:265.3,267.1 2 1
github.com/rxjh-emu/server/cmd/gameserver/packet/v21_production.go:268.2,268.35 1 1
github.com/rxjh-emu/server/cmd/gameserver/packet/v21_production.go:269.3,271.1 2 1
github.com/rxjh-emu/server/cmd/gameserver/packet/v21_production.go:273.2,274.1 7 1
github.com/rxjh-emu/server/cmd/gameserver/packet/v21_production.go:278.2,281.1 7 1
github.com/rxjh-emu/server/cmd/gameserver/packet/v21_production.go:282.2,284.44 7 1
github.com/rxjh-emu/server/cmd/gameserver/packet/v21_production.go:292.2,292.41 1 1
github.com/rxjh-emu/server/cmd/gameserver/packet/v21_production.go:293.3,293.45 1 1
github.com/rxjh-emu/server/cmd/gameserver/packet/v21_production.go:294.4,295.1 1 1
github.com/rxjh-emu/server/cmd/gameserver/packet/v21_production.go:297.2,297.11 1 1
github.com/rxjh-emu/server/cmd/gameserver/packet/v21_production.go:312.2,312.9 1 1
github.com/rxjh-emu/server/cmd/gameserver/packet/v21_production.go:314.3,314.11 1 1
github.com/rxjh-emu/server/cmd/gameserver/packet/v21_production.go:316.3,316.11 1 1
github.com/rxjh-emu/server/cmd/gameserver/packet/v21_production.go:318.3,318.11 1 1
github.com/rxjh-emu/server/cmd/gameserver/packet/v21_production.go:329.2,329.41 1 1
github.com/rxjh-emu/server/cmd/gameserver/packet/v21_production.go:330.3,330.64 1 1
github.com/rxjh-emu/server/cmd/gameserver/packet/v21_production.go:331.4,332.1 1 1
github.com/rxjh-emu/server/cmd/gameserver/packet/v21_production.go:334.2,334.17 1 1
github.com/rxjh-emu/server/cmd/gameserver/packet/v21_production.go:343.2,343.33 1 1
github.com/rxjh-emu/server/cmd/gameserver/packet/v21_production.go:344.3,345.70 2 1
github.com/rxjh-emu/server/cmd/gameserver/packet/v21_production.go:346.4,347.1 1 1
github.com/rxjh-emu/server/cmd/gameserver/packet/v21_production.go:349.2,349.13 1 1
github.com/rxjh-emu/server/cmd/gameserver/packet/v21_production.go:375.2,376.22 2 1
github.com/rxjh-emu/server/cmd/gameserver/packet/v21_production.go:377.3,378.1 1 0
github.com/rxjh-emu/server/cmd/gameserver/packet/v21_production.go:380.2,381.9 2 1
github.com/rxjh-emu/server/cmd/gameserver/packet/v21_production.go:382.3,383.1 1 0
github.com/rxjh-emu/server/cmd/gameserver/packet/v21_production.go:390.2,392.1 3 1
github.com/rxjh-emu/server/cmd/gameserver/packet/v21_production.go:393.2,393.33 3 1
github.com/rxjh-emu/server/cmd/gameserver/packet/v21_production.go:394.3,396.1 2 1
github.com/rxjh-emu/server/cmd/gameserver/packet/v21_production.go:397.2,397.93 1 1
github.com/rxjh-emu/server/cmd/gameserver/packet/v21_production.go:398.3,400.1 2 1
github.com/rxjh-emu/server/cmd/gameserver/packet/v21_production.go:408.2,408.32 1 1
github.com/rxjh-emu/server/cmd/gameserver/packet/v21_production.go:409.3,411.1 2 1
github.com/rxjh-emu/server/cmd/gameserver/packet/v21_production.go:412.2,412.43 1 1
github.com/rxjh-emu/server/cmd/gameserver/packet/v21_production.go:413.3,414.1 1 1
github.com/rxjh-emu/server/cmd/gameserver/packet/v21_production.go:431.2,432.22 2 1
github.com/rxjh-emu/server/cmd/gameserver/packet/v21_production.go:433.3,434.1 1 0
github.com/rxjh-emu/server/cmd/gameserver/packet/v21_production.go:436.2,437.9 2 1
github.com/rxjh-emu/server/cmd/gameserver/packet/v21_production.go:438.3,439.1 1 0
github.com/rxjh-emu/server/cmd/gameserver/packet/v21_production.go:440.2,441.1 5 1
github.com/rxjh-emu/server/cmd/gameserver/packet/v21_production.go:442.2,444.1 5 1
github.com/rxjh-emu/server/cmd/gameserver/packet/v21_production.go:448.2,449.14 5 1
github.com/rxjh-emu/server/cmd/gameserver/packet/v21_production.go:450.3,452.1 2 1
github.com/rxjh-emu/server/cmd/gameserver/packet/v21_production.go:454.2,454.93 1 1
github.com/rxjh-emu/server/cmd/gameserver/packet/v21_production.go:455.3,455.33 1 1
github.com/rxjh-emu/server/cmd/gameserver/packet/v21_production.go:456.4,458.1 2 1
github.com/rxjh-emu/server/cmd/gameserver/packet/v21_production.go:459.3,459.44 1 1
github.com/rxjh-emu/server/cmd/gameserver/packet/v21_production.go:460.4,462.1 2 1
github.com/rxjh-emu/server/cmd/gameserver/packet/v21_production.go:475.3,475.41 1 1
github.com/rxjh-emu/server/cmd/gameserver/packet/v21_production.go:476.4,476.48 1 1
github.com/rxjh-emu/server/cmd/gameserver/packet/v21_production.go:477.5,478.10 2 1
github.com/rxjh-emu/server/cmd/gameserver/packet/v21_production.go:482.3,482.33 1 1
github.com/rxjh-emu/server/cmd/gameserver/packet/v21_production.go:484.3,485.1 1 1
github.com/rxjh-emu/server/cmd/gameserver/packet/v21_production.go:487.2,487.18 1 1
github.com/rxjh-emu/server/cmd/gameserver/packet/v21_production.go:503.2,504.1 2 1
github.com/rxjh-emu/server/cmd/gameserver/packet/v21_production.go:508.2,508.24 2 1
github.com/rxjh-emu/server/cmd/gameserver/packet/v21_production.go:509.3,510.27 2 1
github.com/rxjh-emu/server/cmd/gameserver/packet/v21_production.go:511.4,512.1 1 1
github.com/rxjh-emu/server/cmd/gameserver/packet/v21_production.go:513.3,514.44 2 1
github.com/rxjh-emu/server/cmd/gameserver/packet/v21_production.go:514.46,514.80 1 1
github.com/rxjh-emu/server/cmd/gameserver/packet/v21_production.go:518.3,518.51 1 1
github.com/rxjh-emu/server/cmd/gameserver/packet/v21_production.go:519.4,520.1 1 1
github.com/rxjh-emu/server/cmd/gameserver/packet/v21_production.go:523.2,523.30 1 1
github.com/rxjh-emu/server/cmd/gameserver/packet/v21_production.go:525.3,525.13 1 1
github.com/rxjh-emu/server/cmd/gameserver/packet/v21_production.go:528.4,529.1 1 1
github.com/rxjh-emu/server/cmd/gameserver/packet/v21_production.go:530.3,530.21 1 1
github.com/rxjh-emu/server/cmd/gameserver/packet/v21_production.go:534.4,538.1 3 1
github.com/rxjh-emu/server/cmd/gameserver/packet/v21_production.go:542.3,542.100 1 1
github.com/rxjh-emu/server/cmd/gameserver/packet/v21_production.go:549.3,550.16 2 1
github.com/rxjh-emu/server/cmd/gameserver/packet/v21_production.go:582.2,583.23 2 1
github.com/rxjh-emu/server/cmd/gameserver/packet/v21_production.go:584.3,585.1 1 1
github.com/rxjh-emu/server/cmd/gameserver/packet/v21_production.go:587.2,588.9 2 1
github.com/rxjh-emu/server/cmd/gameserver/packet/v21_production.go:589.3,590.1 1 0
github.com/rxjh-emu/server/cmd/gameserver/packet/v21_production.go:596.2,598.1 5 1
github.com/rxjh-emu/server/cmd/gameserver/packet/v21_production.go:600.2,601.1 5 1
github.com/rxjh-emu/server/cmd/gameserver/packet/v21_production.go:602.2,603.12 5 1
github.com/rxjh-emu/server/cmd/gameserver/packet/v21_production.go:604.3,605.1 1 1
github.com/rxjh-emu/server/cmd/gameserver/packet/v21_production.go:612.2,612.40 1 1
github.com/rxjh-emu/server/cmd/gameserver/packet/v21_production.go:613.3,613.42 1 1
github.com/rxjh-emu/server/cmd/gameserver/packet/v21_production.go:614.4,614.101 1 1
github.com/rxjh-emu/server/cmd/gameserver/packet/v21_production.go:620.5,621.10 2 1
github.com/rxjh-emu/server/cmd/gameserver/packet/v21_production.go:628.2,628.31 1 1
github.com/rxjh-emu/server/cmd/gameserver/packet/v21_production.go:629.3,629.40 1 1
github.com/rxjh-emu/server/cmd/gameserver/packet/v21_production.go:630.4,631.12 2 1
github.com/rxjh-emu/server/cmd/gameserver/packet/v21_production.go:635.3,636.45 2 1
github.com/rxjh-emu/server/cmd/gameserver/packet/v21_production.go:646.2,652.1 6 1
github.com/rxjh-emu/server/cmd/gameserver/packet/v21_production.go:657.2,658.1 1 1
github.com/rxjh-emu/server/cmd/gameserver/packet/v21_production.go:682.2,682.15 1 1
github.com/rxjh-emu/server/cmd/gameserver/packet/v21_production.go:686.3,686.35 1 1
github.com/rxjh-emu/server/cmd/gameserver/packet/v21_production.go:687.4,688.1 1 1
github.com/rxjh-emu/server/cmd/gameserver/packet/v21_production.go:689.3,689.24 1 1
github.com/rxjh-emu/server/cmd/gameserver/packet/v21_production.go:691.4,691.39 1 1
github.com/rxjh-emu/server/cmd/gameserver/packet/v21_production.go:693.4,693.41 1 1
github.com/rxjh-emu/server/cmd/gameserver/packet/v21_production.go:695.4,695.40 1 1
github.com/rxjh-emu/server/cmd/gameserver/packet/v21_production.go:697.4,697.40 1 1
github.com/rxjh-emu/server/cmd/gameserver/packet/v21_production.go:702.3,703.17 2 1
github.com/rxjh-emu/server/cmd/gameserver/packet/v21_production.go:704.4,705.1 1 1
github.com/rxjh-emu/server/cmd/gameserver/packet/v21_production.go:706.3,706.10 1 1
github.com/rxjh-emu/server/cmd/gameserver/packet/v21_production.go:708.4,708.37 1 1
github.com/rxjh-emu/server/cmd/gameserver/packet/v21_production.go:710.4,710.37 1 1
github.com/rxjh-emu/server/cmd/gameserver/packet/v21_production.go:712.4,712.37 1 1
github.com/rxjh-emu/server/cmd/gameserver/packet/v21_production.go:714.4,714.37 1 1
github.com/rxjh-emu/server/cmd/gameserver/packet/v21_production.go:719.3,725.1 1 1
github.com/rxjh-emu/server/cmd/gameserver/packet/v21_production.go:726.4,726.26 1 1
github.com/rxjh-emu/server/cmd/gameserver/packet/v21_production.go:727.5,728.1 1 1
github.com/rxjh-emu/server/cmd/gameserver/packet/v21_production.go:732.2,732.20 1 1
github.com/rxjh-emu/server/cmd/gameserver/packet/v21_production.go:753.2,754.23 2 1
github.com/rxjh-emu/server/cmd/gameserver/packet/v21_production.go:755.3,756.1 1 1
github.com/rxjh-emu/server/cmd/gameserver/packet/v21_production.go:758.2,759.9 2 1
github.com/rxjh-emu/server/cmd/gameserver/packet/v21_production.go:760.3,761.1 1 0
github.com/rxjh-emu/server/cmd/gameserver/packet/v21_production.go:762.2,763.1 4 1
github.com/rxjh-emu/server/cmd/gameserver/packet/v21_production.go:764.2,766.1 4 1
github.com/rxjh-emu/server/cmd/gameserver/packet/v21_production.go:767.2,767.39 4 1
github.com/rxjh-emu/server/cmd/gameserver/packet/v21_production.go:768.3,769.1 1 1
github.com/rxjh-emu/server/cmd/gameserver/packet/v21_production.go:771.2,772.19 2 1
github.com/rxjh-emu/server/cmd/gameserver/packet/v21_production.go:773.3,775.1 2 1
github.com/rxjh-emu/server/cmd/gameserver/packet/v21_production.go:776.2,776.28 1 1
github.com/rxjh-emu/server/cmd/gameserver/packet/v21_production.go:777.3,779.1 2 1
github.com/rxjh-emu/server/cmd/gameserver/packet/v21_production.go:783.2,784.14 2 1
github.com/rxjh-emu/server/cmd/gameserver/packet/v21_production.go:785.3,787.1 2 1
github.com/rxjh-emu/server/cmd/gameserver/packet/v21_production.go:789.2,791.14 3 1
github.com/rxjh-emu/server/cmd/gameserver/packet/v21_production.go:794.3,796.1 2 1
github.com/rxjh-emu/server/cmd/gameserver/packet/v21_production.go:798.2,800.1 3 1
github.com/rxjh-emu/server/cmd/gameserver/packet/v21_production.go:801.2,801.22 3 1
github.com/rxjh-emu/server/cmd/gameserver/packet/v21_production.go:812.2,813.14 2 0
github.com/rxjh-emu/server/cmd/gameserver/packet/v21_production.go:814.3,815.1 1 0
github.com/rxjh-emu/server/cmd/gameserver/packet/v21_production.go:817.2,817.23 1 0
github.com/rxjh-emu/server/cmd/gameserver/packet/v21_production.go:826.2,834.1 2 1
github.com/rxjh-emu/server/cmd/gameserver/packet/v21_production.go:835.2,836.1 2 1
github.com/rxjh-emu/server/cmd/gameserver/packet/v21_production.go:847.2,848.22 2 1
github.com/rxjh-emu/server/cmd/gameserver/packet/v21_production.go:852.3,853.1 1 1
github.com/rxjh-emu/server/cmd/gameserver/packet/v21_production.go:855.2,856.9 2 1
github.com/rxjh-emu/server/cmd/gameserver/packet/v21_production.go:857.3,858.1 1 0
github.com/rxjh-emu/server/cmd/gameserver/packet/v21_production.go:860.2,862.18 3 1
github.com/rxjh-emu/server/cmd/gameserver/packet/v21_production.go:863.3,864.1 1 1
github.com/rxjh-emu/server/cmd/gameserver/packet/v21_production.go:873.2,874.1 3 1
github.com/rxjh-emu/server/cmd/gameserver/packet/v21_production.go:875.2,876.14 3 1
github.com/rxjh-emu/server/cmd/gameserver/packet/v21_production.go:884.3,885.1 1 1
github.com/rxjh-emu/server/cmd/gameserver/packet/v21_production.go:887.2,888.14 2 1
github.com/rxjh-emu/server/cmd/gameserver/packet/v21_production.go:889.3,890.1 1 1
github.com/rxjh-emu/server/cmd/gameserver/packet/v21_production.go:896.2,896.78 1 1
github.com/rxjh-emu/server/cmd/gameserver/packet/v21_production.go:909.2,910.1 1 1
github.com/rxjh-emu/server/cmd/gameserver/packet/v21_production.go:932.2,933.23 2 1
github.com/rxjh-emu/server/cmd/gameserver/packet/v21_production.go:934.3,935.1 1 1
github.com/rxjh-emu/server/cmd/gameserver/packet/v21_production.go:937.2,938.9 2 1
github.com/rxjh-emu/server/cmd/gameserver/packet/v21_production.go:939.3,940.1 1 0
github.com/rxjh-emu/server/cmd/gameserver/packet/v21_production.go:942.2,944.1 5 1
github.com/rxjh-emu/server/cmd/gameserver/packet/v21_production.go:945.2,947.31 5 1
github.com/rxjh-emu/server/cmd/gameserver/packet/v21_production.go:958.2,962.1 5 1
github.com/rxjh-emu/server/cmd/gameserver/packet/v21_production.go:963.2,964.1 5 1
github.com/rxjh-emu/server/cmd/gameserver/packet/v21_production.go:1012.3,1016.24 2 0
github.com/rxjh-emu/server/cmd/gameserver/packet/v21_production.go:1017.4,1018.1 1 0
github.com/rxjh-emu/server/cmd/gameserver/packet/v21_production.go:1019.3,1019.35 1 0
github.com/rxjh-emu/server/cmd/gameserver/packet/v21_production.go:1023.3,1029.1 2 0
github.com/rxjh-emu/server/cmd/gameserver/packet/v21_production.go:1037.2,1038.23 2 1
github.com/rxjh-emu/server/cmd/gameserver/packet/v21_production.go:1047.3,1048.1 1 1
github.com/rxjh-emu/server/cmd/gameserver/packet/v21_production.go:1050.2,1051.9 2 1
github.com/rxjh-emu/server/cmd/gameserver/packet/v21_production.go:1052.3,1053.1 1 0
github.com/rxjh-emu/server/cmd/gameserver/packet/v21_production.go:1055.2,1056.16 2 1
github.com/rxjh-emu/server/cmd/gameserver/packet/v21_production.go:1059.3,1060.1 1 1
github.com/rxjh-emu/server/cmd/gameserver/packet/v21_production.go:1061.2,1063.1 4 1
github.com/rxjh-emu/server/cmd/gameserver/packet/v21_production.go:1066.2,1067.17 4 1
github.com/rxjh-emu/server/cmd/gameserver/packet/v21_production.go:1068.3,1070.1 2 1
github.com/rxjh-emu/server/cmd/gameserver/packet/v21_production.go:1075.2,1077.16 3 1
github.com/rxjh-emu/server/cmd/gameserver/packet/v21_production.go:1085.3,1087.1 2 0
github.com/rxjh-emu/server/cmd/gameserver/packet/v21_production.go:1088.2,1088.12 1 1
github.com/rxjh-emu/server/cmd/gameserver/packet/v21_production.go:1089.3,1090.1 1 1
github.com/rxjh-emu/server/cmd/gameserver/packet/v21_production.go:1091.2,1091.22 1 1
github.com/rxjh-emu/server/cmd/gameserver/packet/v21_production.go:1094.3,1096.1 2 1
github.com/rxjh-emu/server/cmd/gameserver/packet/v21_production.go:1103.2,1106.64 4 1
github.com/rxjh-emu/server/cmd/gameserver/packet/v21_production.go:1107.3,1108.1 1 1
github.com/rxjh-emu/server/cmd/gameserver/packet/v21_production.go:1109.2,1112.46 3 1
github.com/rxjh-emu/server/cmd/gameserver/packet/v21_profession.go:25.2,28.1 4 1
github.com/rxjh-emu/server/cmd/gameserver/packet/v21_profession.go:29.2,29.29 4 1
github.com/rxjh-emu/server/cmd/gameserver/packet/v21_profession.go:30.3,32.1 2 1
github.com/rxjh-emu/server/cmd/gameserver/packet/v21_profession.go:34.2,36.53 3 1
github.com/rxjh-emu/server/cmd/gameserver/packet/v21_profession.go:37.3,38.1 1 1
github.com/rxjh-emu/server/cmd/gameserver/packet/v21_profession.go:40.2,40.26 1 1
github.com/rxjh-emu/server/cmd/gameserver/packet/v21_profession.go:54.2,56.1 3 1
github.com/rxjh-emu/server/cmd/gameserver/packet/v21_profession.go:57.2,57.83 3 1
github.com/rxjh-emu/server/cmd/gameserver/packet/v21_profession.go:58.3,59.1 1 1
github.com/rxjh-emu/server/cmd/gameserver/packet/v21_profession.go:65.2,65.97 1 1
github.com/rxjh-emu/server/cmd/gameserver/packet/v21_profession.go:66.3,67.1 1 1
github.com/rxjh-emu/server/cmd/gameserver/packet/v21_profession.go:68.2,68.64 1 1
github.com/rxjh-emu/server/cmd/gameserver/packet/v21_profession.go:69.3,70.1 1 1
github.com/rxjh-emu/server/cmd/gameserver/packet/v21_profession.go:74.2,74.31 1 1
github.com/rxjh-emu/server/cmd/gameserver/packet/v21_profession.go:75.3,76.1 1 1
github.com/rxjh-emu/server/cmd/gameserver/packet/v21_profession.go:82.2,82.53 1 1
github.com/rxjh-emu/server/cmd/gameserver/packet/v21_profession.go:83.3,83.28 1 1
github.com/rxjh-emu/server/cmd/gameserver/packet/v21_profession.go:84.4,86.1 2 1
github.com/rxjh-emu/server/cmd/gameserver/packet/v21_profession.go:87.3,87.29 1 1
github.com/rxjh-emu/server/cmd/gameserver/packet/v21_profession.go:88.4,89.1 1 1
github.com/rxjh-emu/server/cmd/gameserver/packet/v21_profession.go:90.3,90.29 1 1
github.com/rxjh-emu/server/cmd/gameserver/packet/v21_profession.go:91.4,92.1 1 1
github.com/rxjh-emu/server/cmd/gameserver/packet/v21_profession.go:93.3,93.29 1 1
github.com/rxjh-emu/server/cmd/gameserver/packet/v21_profession.go:94.4,95.1 1 1
github.com/rxjh-emu/server/cmd/gameserver/packet/v21_profession.go:102.2,102.34 1 1
github.com/rxjh-emu/server/cmd/gameserver/packet/v21_profession.go:103.3,104.20 2 1
github.com/rxjh-emu/server/cmd/gameserver/packet/v21_profession.go:105.4,106.1 1 1
github.com/rxjh-emu/server/cmd/gameserver/packet/v21_profession.go:107.3,107.21 1 1
github.com/rxjh-emu/server/cmd/gameserver/packet/v21_profession.go:108.4,109.1 1 1
github.com/rxjh-emu/server/cmd/gameserver/packet/v21_profession.go:114.2,114.32 1 1
github.com/rxjh-emu/server/cmd/gameserver/packet/v21_profession.go:115.3,117.1 2 1
github.com/rxjh-emu/server/cmd/gameserver/packet/v21_profession.go:119.2,119.22 1 1
github.com/rxjh-emu/server/cmd/gameserver/packet/v21_profession.go:196.2,196.29 1 1
github.com/rxjh-emu/server/cmd/gameserver/packet/v21_profession.go:197.3,197.26 1 1
github.com/rxjh-emu/server/cmd/gameserver/packet/v21_profession.go:198.4,198.12 1 1
github.com/rxjh-emu/server/cmd/gameserver/packet/v21_profession.go:200.3,201.35 2 1
github.com/rxjh-emu/server/cmd/gameserver/packet/v21_profession.go:202.4,203.1 1 1
github.com/rxjh-emu/server/cmd/gameserver/packet/v21_profession.go:204.3,204.11 1 1
github.com/rxjh-emu/server/cmd/gameserver/packet/v21_profession.go:205.4,205.12 1 1
github.com/rxjh-emu/server/cmd/gameserver/packet/v21_profession.go:207.3,207.35 1 1
github.com/rxjh-emu/server/cmd/gameserver/packet/v21_profession.go:208.4,209.1 1 1
github.com/rxjh-emu/server/cmd/gameserver/packet/v21_profession.go:215.2,215.29 1 1
github.com/rxjh-emu/server/cmd/gameserver/packet/v21_profession.go:216.3,216.30 1 1
github.com/rxjh-emu/server/cmd/gameserver/packet/v21_profession.go:217.4,218.1 1 1
github.com/rxjh-emu/server/cmd/gameserver/packet/v21_profession.go:224.2,225.1 1 1
github.com/rxjh-emu/server/cmd/gameserver/packet/v21_profession.go:230.2,230.29 1 1
github.com/rxjh-emu/server/cmd/gameserver/packet/v21_profession.go:231.3,231.35 1 1
github.com/rxjh-emu/server/cmd/gameserver/packet/v21_profession.go:232.4,233.1 1 1
github.com/rxjh-emu/server/cmd/gameserver/packet/v21_profession.go:245.2,246.42 2 1
github.com/rxjh-emu/server/cmd/gameserver/packet/v21_profession.go:247.3,248.1 1 1
github.com/rxjh-emu/server/cmd/gameserver/packet/v21_profession.go:250.2,253.1 5 1
github.com/rxjh-emu/server/cmd/gameserver/packet/v21_profession.go:254.2,255.39 5 1
github.com/rxjh-emu/server/cmd/gameserver/packet/v21_profession.go:265.2,266.9 2 1
github.com/rxjh-emu/server/cmd/gameserver/packet/v21_profession.go:267.3,268.1 1 1
github.com/rxjh-emu/server/cmd/gameserver/packet/v21_profession.go:270.2,272.41 2 1
github.com/rxjh-emu/server/cmd/gameserver/packet/v21_profession.go:273.3,274.1 1 1
github.com/rxjh-emu/server/cmd/gameserver/packet/v21_profession.go:275.2,276.1 2 1
github.com/rxjh-emu/server/cmd/gameserver/packet/v21_profession.go:277.2,277.77 2 1
github.com/rxjh-emu/server/cmd/gameserver/packet/v21_questops.go:50.2,50.27 1 1
github.com/rxjh-emu/server/cmd/gameserver/packet/v21_questops.go:51.3,52.1 1 1
github.com/rxjh-emu/server/cmd/gameserver/packet/v21_questops.go:54.2,55.29 2 1
github.com/rxjh-emu/server/cmd/gameserver/packet/v21_questops.go:56.3,57.1 1 1
github.com/rxjh-emu/server/cmd/gameserver/packet/v21_questops.go:59.2,62.1 6 1
github.com/rxjh-emu/server/cmd/gameserver/packet/v21_questops.go:63.2,65.1 6 1
github.com/rxjh-emu/server/cmd/gameserver/packet/v21_questops.go:66.2,66.63 6 1
github.com/rxjh-emu/server/cmd/gameserver/packet/v21_questops.go:72.3,72.16 1 1
github.com/rxjh-emu/server/cmd/gameserver/packet/v21_questops.go:73.4,74.48 2 1
github.com/rxjh-emu/server/cmd/gameserver/packet/v21_questops.go:75.5,76.1 1 1
github.com/rxjh-emu/server/cmd/gameserver/packet/v21_questops.go:78.3,78.46 1 1
github.com/rxjh-emu/server/cmd/gameserver/packet/v21_questops.go:81.4,82.1 1 1
github.com/rxjh-emu/server/cmd/gameserver/packet/v21_questops.go:83.3,83.40 1 1
github.com/rxjh-emu/server/cmd/gameserver/packet/v21_questops.go:87.4,88.16 2 1
github.com/rxjh-emu/server/cmd/gameserver/packet/v21_questops.go:90.5,90.16 1 1
github.com/rxjh-emu/server/cmd/gameserver/packet/v21_questops.go:92.5,92.16 1 0
github.com/rxjh-emu/server/cmd/gameserver/packet/v21_questops.go:94.4,96.10 3 1
github.com/rxjh-emu/server/cmd/gameserver/packet/v21_questops.go:102.2,102.21 1 1
github.com/rxjh-emu/server/cmd/gameserver/packet/v21_questops.go:103.3,105.1 2 1
github.com/rxjh-emu/server/cmd/gameserver/packet/v21_questops.go:114.2,114.56 1 1
github.com/rxjh-emu/server/cmd/gameserver/packet/v21_questops.go:115.3,117.1 2 1
github.com/rxjh-emu/server/cmd/gameserver/packet/v21_questops.go:119.2,119.14 1 1
github.com/rxjh-emu/server/cmd/gameserver/packet/v21_questops.go:124.3,124.40 1 1
github.com/rxjh-emu/server/cmd/gameserver/packet/v21_questops.go:128.3,128.46 1 1
github.com/rxjh-emu/server/cmd/gameserver/packet/v21_questops.go:129.4,130.1 1 1
github.com/rxjh-emu/server/cmd/gameserver/packet/v21_questops.go:132.3,132.40 1 0
github.com/rxjh-emu/server/cmd/gameserver/packet/v21_questops.go:136.3,137.40 2 1
github.com/rxjh-emu/server/cmd/gameserver/packet/v21_questops.go:142.3,142.40 1 1
github.com/rxjh-emu/server/cmd/gameserver/packet/v21_questops.go:157.2,159.1 3 1
github.com/rxjh-emu/server/cmd/gameserver/packet/v21_questops.go:160.2,160.22 3 1
github.com/rxjh-emu/server/cmd/gameserver/packet/v21_questops.go:163.3,164.1 2 1
github.com/rxjh-emu/server/cmd/gameserver/packet/v21_questops.go:165.3,165.36 2 1
github.com/rxjh-emu/server/cmd/gameserver/packet/v21_questops.go:168.4,168.42 1 1
github.com/rxjh-emu/server/cmd/gameserver/packet/v21_questops.go:169.5,170.1 1 0
github.com/rxjh-emu/server/cmd/gameserver/packet/v21_questops.go:171.4,172.15 2 1
github.com/rxjh-emu/server/cmd/gameserver/packet/v21_questops.go:178.3,179.1 2 1
github.com/rxjh-emu/server/cmd/gameserver/packet/v21_questops.go:185.3,185.24 2 1
github.com/rxjh-emu/server/cmd/gameserver/packet/v21_questops.go:192.4,195.1 3 1
github.com/rxjh-emu/server/cmd/gameserver/packet/v21_questops.go:196.3,196.41 1 1
github.com/rxjh-emu/server/cmd/gameserver/packet/v21_questops.go:197.4,198.1 1 0
github.com/rxjh-emu/server/cmd/gameserver/packet/v21_questops.go:199.3,200.14 2 1
github.com/rxjh-emu/server/cmd/gameserver/packet/v21_questops.go:205.2,205.12 1 1
github.com/rxjh-emu/server/cmd/gameserver/packet/v21_questops.go:206.3,207.1 1 1
github.com/rxjh-emu/server/cmd/gameserver/packet/v21_questops.go:212.2,212.29 1 1
github.com/rxjh-emu/server/cmd/gameserver/packet/v21_questops.go:213.3,215.1 2 1
github.com/rxjh-emu/server/cmd/gameserver/packet/v21_questops.go:220.2,220.38 1 1
github.com/rxjh-emu/server/cmd/gameserver/packet/v21_questops.go:221.3,222.1 1 1
github.com/rxjh-emu/server/cmd/gameserver/packet/v21_questops.go:224.2,226.13 3 1
github.com/rxjh-emu/server/cmd/gameserver/packet/v21_questops.go:233.2,234.1 1 1
github.com/rxjh-emu/server/cmd/gameserver/packet/v21_questops.go:280.2,280.56 1 1
github.com/rxjh-emu/server/cmd/gameserver/packet/v21_questops.go:281.3,283.1 2 1
github.com/rxjh-emu/server/cmd/gameserver/packet/v21_questops.go:285.2,286.9 2 1
github.com/rxjh-emu/server/cmd/gameserver/packet/v21_questops.go:287.3,288.1 1 1
github.com/rxjh-emu/server/cmd/gameserver/packet/v21_questops.go:290.2,291.20 2 1
github.com/rxjh-emu/server/cmd/gameserver/packet/v21_questops.go:292.3,293.15 2 1
github.com/rxjh-emu/server/cmd/gameserver/packet/v21_questops.go:294.4,295.1 1 1
github.com/rxjh-emu/server/cmd/gameserver/packet/v21_questops.go:296.3,296.45 1 1
github.com/rxjh-emu/server/cmd/gameserver/packet/v21_questops.go:299.2,300.17 2 1
github.com/rxjh-emu/server/cmd/gameserver/packet/v21_questops.go:301.3,302.1 1 1
github.com/rxjh-emu/server/cmd/gameserver/packet/v21_questops.go:303.2,303.53 1 1
github.com/rxjh-emu/server/cmd/gameserver/packet/v21_questops.go:303.55,303.77 1 1
github.com/rxjh-emu/server/cmd/gameserver/packet/v21_questops.go:304.2,304.18 1 1
github.com/rxjh-emu/server/cmd/gameserver/packet/v21_questops.go:305.3,306.1 1 1
github.com/rxjh-emu/server/cmd/gameserver/packet/v21_questops.go:310.2,310.15 1 1
github.com/rxjh-emu/server/cmd/gameserver/packet/v21_questops.go:311.3,312.42 2 1
github.com/rxjh-emu/server/cmd/gameserver/packet/v21_questops.go:313.4,314.1 1 1
github.com/rxjh-emu/server/cmd/gameserver/packet/v21_questops.go:317.2,317.40 1 1
github.com/rxjh-emu/server/cmd/gameserver/packet/v21_questops.go:325.2,325.15 1 1
github.com/rxjh-emu/server/cmd/gameserver/packet/v21_questops.go:326.3,327.1 1 1
github.com/rxjh-emu/server/cmd/gameserver/packet/v21_questops.go:329.2,331.65 3 1
github.com/rxjh-emu/server/cmd/gameserver/packet/v21_questops.go:359.2,359.12 1 1
github.com/rxjh-emu/server/cmd/gameserver/packet/v21_questops.go:361.3,361.14 1 1
github.com/rxjh-emu/server/cmd/gameserver/packet/v21_questops.go:363.3,363.14 1 1
github.com/rxjh-emu/server/cmd/gameserver/packet/v21_questops.go:365.3,365.14 1 1
github.com/rxjh-emu/server/cmd/gameserver/packet/v21_questops.go:367.3,367.14 1 1
github.com/rxjh-emu/server/cmd/gameserver/packet/v21_questops.go:379.2,382.1 4 1
github.com/rxjh-emu/server/cmd/gameserver/packet/v21_questops.go:383.2,383.14 4 1
github.com/rxjh-emu/server/cmd/gameserver/packet/v21_questops.go:387.3,387.13 1 1
github.com/rxjh-emu/server/cmd/gameserver/packet/v21_questops.go:388.4,390.1 2 1
github.com/rxjh-emu/server/cmd/gameserver/packet/v21_questops.go:391.3,391.17 1 1
github.com/rxjh-emu/server/cmd/gameserver/packet/v21_questops.go:394.4,396.1 2 1
github.com/rxjh-emu/server/cmd/gameserver/packet/v21_questops.go:407.3,407.43 1 1
github.com/rxjh-emu/server/cmd/gameserver/packet/v21_questops.go:408.4,409.1 1 1
github.com/rxjh-emu/server/cmd/gameserver/packet/v21_questops.go:410.3,410.36 1 1
github.com/rxjh-emu/server/cmd/gameserver/packet/v21_questops.go:412.3,412.13 1 1
github.com/rxjh-emu/server/cmd/gameserver/packet/v21_questops.go:413.4,415.1 2 1
github.com/rxjh-emu/server/cmd/gameserver/packet/v21_questops.go:419.3,422.1 4 1
github.com/rxjh-emu/server/cmd/gameserver/packet/v21_questops.go:430.3,430.72 4 1
github.com/rxjh-emu/server/cmd/gameserver/packet/v21_questops.go:431.4,432.27 2 1
github.com/rxjh-emu/server/cmd/gameserver/packet/v21_questops.go:433.5,433.53 1 1
github.com/rxjh-emu/server/cmd/gameserver/packet/v21_questops.go:434.6,437.11 4 1
github.com/rxjh-emu/server/cmd/gameserver/packet/v21_questops.go:443.3,443.40 1 1
github.com/rxjh-emu/server/cmd/gameserver/packet/v21_questops.go:445.3,445.40 1 1
github.com/rxjh-emu/server/cmd/gameserver/packet/v21_questops.go:446.9,446.9 0 1
github.com/rxjh-emu/server/cmd/gameserver/packet/v21_questops.go:456.3,456.40 1 1
github.com/rxjh-emu/server/cmd/gameserver/packet/v21_questops.go:480.2,481.1 2 1
github.com/rxjh-emu/server/cmd/gameserver/packet/v21_questops.go:482.2,482.14 2 1
github.com/rxjh-emu/server/cmd/gameserver/packet/v21_questops.go:484.3,484.25 1 1
github.com/rxjh-emu/server/cmd/gameserver/packet/v21_questops.go:485.4,487.1 2 1
github.com/rxjh-emu/server/cmd/gameserver/packet/v21_questops.go:488.3,488.47 1 1
github.com/rxjh-emu/server/cmd/gameserver/packet/v21_questops.go:490.3,490.25 1 1
github.com/rxjh-emu/server/cmd/gameserver/packet/v21_questops.go:491.4,493.1 2 1
github.com/rxjh-emu/server/cmd/gameserver/packet/v21_questops.go:495.3,496.10 2 1
github.com/rxjh-emu/server/cmd/gameserver/packet/v21_questops.go:497.4,498.1 1 0
github.com/rxjh-emu/server/cmd/gameserver/packet/v21_questops.go:499.3,500.19 2 1
github.com/rxjh-emu/server/cmd/gameserver/packet/v21_questops.go:501.4,504.1 3 1
github.com/rxjh-emu/server/cmd/gameserver/packet/v21_questops.go:506.3,508.1 3 1
github.com/rxjh-emu/server/cmd/gameserver/packet/v21_questops.go:512.3,512.55 3 1
github.com/rxjh-emu/server/cmd/gameserver/packet/v21_questops.go:513.4,516.1 3 1
github.com/rxjh-emu/server/cmd/gameserver/packet/v21_questops.go:518.3,520.43 3 1
github.com/rxjh-emu/server/cmd/gameserver/packet/v21_questops.go:524.3,524.47 1 1
github.com/rxjh-emu/server/cmd/gameserver/packet/v21_questops.go:526.3,527.47 2 1
github.com/rxjh-emu/server/cmd/gameserver/packet/v21_questops.go:529.3,529.47 1 0
github.com/rxjh-emu/server/cmd/gameserver/packet/v21_quests.go:27.2,27.44 1 1
github.com/rxjh-emu/server/cmd/gameserver/packet/v21_quests.go:28.3,29.37 2 1
github.com/rxjh-emu/server/cmd/gameserver/packet/v21_quests.go:30.4,35.1 5 1
github.com/rxjh-emu/server/cmd/gameserver/packet/v21_quests.go:44.2,44.43 1 1
github.com/rxjh-emu/server/cmd/gameserver/packet/v21_quests.go:45.3,49.1 4 1
github.com/rxjh-emu/server/cmd/gameserver/packet/v21_quests.go:58.2,58.42 1 1
github.com/rxjh-emu/server/cmd/gameserver/packet/v21_quests.go:59.3,60.39 2 1
github.com/rxjh-emu/server/cmd/gameserver/packet/v21_quests.go:61.4,63.1 2 1
github.com/rxjh-emu/server/cmd/gameserver/packet/v21_quests.go:64.3,64.10 1 1
github.com/rxjh-emu/server/cmd/gameserver/packet/v21_quests.go:73.2,73.42 1 1
github.com/rxjh-emu/server/cmd/gameserver/packet/v21_quests.go:74.3,75.39 2 1
github.com/rxjh-emu/server/cmd/gameserver/packet/v21_quests.go:76.4,77.43 2 1
github.com/rxjh-emu/server/cmd/gameserver/packet/v21_quests.go:78.5,79.13 2 1
github.com/rxjh-emu/server/cmd/gameserver/packet/v21_quests.go:81.4,81.21 1 1
github.com/rxjh-emu/server/cmd/gameserver/packet/v21_quests.go:83.3,83.10 1 1
github.com/rxjh-emu/server/cmd/gameserver/packet/v21_quests.go:94.2,94.46 1 1
github.com/rxjh-emu/server/cmd/gameserver/packet/v21_quests.go:95.3,98.1 3 1
github.com/rxjh-emu/server/cmd/gameserver/packet/v21_quests.go:104.2,106.1 3 1
github.com/rxjh-emu/server/cmd/gameserver/packet/v21_quests.go:107.2,107.38 3 1
github.com/rxjh-emu/server/cmd/gameserver/packet/v21_quests.go:108.3,109.1 1 1
github.com/rxjh-emu/server/cmd/gameserver/packet/v21_quests.go:110.2,110.30 1 1
github.com/rxjh-emu/server/cmd/gameserver/packet/v21_quests.go:111.3,112.32 2 1
github.com/rxjh-emu/server/cmd/gameserver/packet/v21_quests.go:113.4,114.1 1 1
github.com/rxjh-emu/server/cmd/gameserver/packet/v21_quests.go:116.2,116.20 1 1
github.com/rxjh-emu/server/cmd/gameserver/packet/v21_script.go:39.2,41.1 6 1
github.com/rxjh-emu/server/cmd/gameserver/packet/v21_script.go:42.2,45.1 6 1
github.com/rxjh-emu/server/cmd/gameserver/packet/v21_script.go:46.2,46.15 6 1
github.com/rxjh-emu/server/cmd/gameserver/packet/v21_script.go:47.3,48.1 1 0
github.com/rxjh-emu/server/cmd/gameserver/packet/v21_script.go:50.2,51.74 2 1
github.com/rxjh-emu/server/cmd/gameserver/packet/v21_script.go:52.3,52.66 1 1
github.com/rxjh-emu/server/cmd/gameserver/packet/v21_script.go:53.4,54.1 1 1
github.com/rxjh-emu/server/cmd/gameserver/packet/v21_script.go:55.3,55.46 1 1
github.com/rxjh-emu/server/cmd/gameserver/packet/v21_script.go:56.4,58.1 2 0
github.com/rxjh-emu/server/cmd/gameserver/packet/v21_script.go:59.3,60.13 2 1
github.com/rxjh-emu/server/cmd/gameserver/packet/v21_script.go:62.2,62.15 1 1
github.com/rxjh-emu/server/cmd/gameserver/packet/v21_script.go:71.2,73.1 3 1
github.com/rxjh-emu/server/cmd/gameserver/packet/v21_script.go:74.2,74.20 3 1
github.com/rxjh-emu/server/cmd/gameserver/packet/v21_script.go:75.3,76.1 1 1
github.com/rxjh-emu/server/cmd/gameserver/packet/v21_script.go:77.2,78.9 2 1
github.com/rxjh-emu/server/cmd/gameserver/packet/v21_script.go:79.3,80.1 1 0
github.com/rxjh-emu/server/cmd/gameserver/packet/v21_script.go:81.2,81.92 1 1
github.com/rxjh-emu/server/cmd/gameserver/packet/v21_script.go:82.3,83.1 1 0
github.com/rxjh-emu/server/cmd/gameserver/packet/v21_script.go:90.2,91.1 1 1
github.com/rxjh-emu/server/cmd/gameserver/packet/v21_script.go:108.2,110.1 4 1
github.com/rxjh-emu/server/cmd/gameserver/packet/v21_script.go:111.2,112.13 4 1
github.com/rxjh-emu/server/cmd/gameserver/packet/v21_script.go:113.3,113.21 1 1
github.com/rxjh-emu/server/cmd/gameserver/packet/v21_script.go:114.4,115.1 1 0
github.com/rxjh-emu/server/cmd/gameserver/packet/v21_script.go:116.3,117.20 2 1
github.com/rxjh-emu/server/cmd/gameserver/packet/v21_script.go:119.2,119.15 1 1
github.com/rxjh-emu/server/cmd/gameserver/packet/v21_script.go:120.3,121.1 1 1
github.com/rxjh-emu/server/cmd/gameserver/packet/v21_script.go:123.2,124.96 1 1
github.com/rxjh-emu/server/cmd/gameserver/packet/v21_script.go:129.3,131.1 2 1
github.com/rxjh-emu/server/cmd/gameserver/packet/v21_script.go:135.2,136.13 2 1
github.com/rxjh-emu/server/cmd/gameserver/packet/v21_script.go:141.2,143.20 3 1
github.com/rxjh-emu/server/cmd/gameserver/packet/v21_script.go:144.3,145.1 1 1
github.com/rxjh-emu/server/cmd/gameserver/packet/v21_script.go:146.2,147.13 2 0
github.com/rxjh-emu/server/cmd/gameserver/packet/v21_script.go:148.3,150.1 2 0
github.com/rxjh-emu/server/cmd/gameserver/packet/v21_script.go:151.2,151.18 1 0
github.com/rxjh-emu/server/cmd/gameserver/packet/v21_script.go:158.2,163.1 5 1
github.com/rxjh-emu/server/cmd/gameserver/packet/v21_script.go:169.2,170.9 2 1
github.com/rxjh-emu/server/cmd/gameserver/packet/v21_script.go:171.3,172.1 1 1
github.com/rxjh-emu/server/cmd/gameserver/packet/v21_script.go:173.2,174.10 2 1
github.com/rxjh-emu/server/cmd/gameserver/packet/v21_script.go:194.2,196.1 2 1
github.com/rxjh-emu/server/cmd/gameserver/packet/v21_script.go:201.2,202.1 1 1
github.com/rxjh-emu/server/cmd/gameserver/packet/v21_script_api.go:39.2,39.34 1 1
github.com/rxjh-emu/server/cmd/gameserver/packet/v21_script_api.go:40.3,41.1 1 1
github.com/rxjh-emu/server/cmd/gameserver/packet/v21_script_api.go:42.2,42.10 1 0
github.com/rxjh-emu/server/cmd/gameserver/packet/v21_script_api.go:47.2,48.68 2 1
github.com/rxjh-emu/server/cmd/gameserver/packet/v21_script_api.go:49.3,50.31 2 1
github.com/rxjh-emu/server/cmd/gameserver/packet/v21_script_api.go:51.4,53.1 2 0
github.com/rxjh-emu/server/cmd/gameserver/packet/v21_script_api.go:54.3,55.11 2 1
github.com/rxjh-emu/server/cmd/gameserver/packet/v21_script_api.go:57.2,57.71 1 1
github.com/rxjh-emu/server/cmd/gameserver/packet/v21_script_api.go:58.3,58.70 1 1
github.com/rxjh-emu/server/cmd/gameserver/packet/v21_script_api.go:59.4,60.1 1 1
github.com/rxjh-emu/server/cmd/gameserver/packet/v21_script_api.go:61.3,61.11 1 1
github.com/rxjh-emu/server/cmd/gameserver/packet/v21_script_api.go:63.2,63.13 1 1
github.com/rxjh-emu/server/cmd/gameserver/packet/v21_script_api.go:82.2,85.47 3 1
github.com/rxjh-emu/server/cmd/gameserver/packet/v21_script_api.go:85.49,85.78 1 1
github.com/rxjh-emu/server/cmd/gameserver/packet/v21_script_api.go:86.49,86.78 1 1
github.com/rxjh-emu/server/cmd/gameserver/packet/v21_script_api.go:87.49,87.77 1 1
github.com/rxjh-emu/server/cmd/gameserver/packet/v21_script_api.go:88.49,88.81 1 1
github.com/rxjh-emu/server/cmd/gameserver/packet/v21_script_api.go:93.30,93.59 1 1
github.com/rxjh-emu/server/cmd/gameserver/packet/v21_script_api.go:95.5,95.38 1 1
github.com/rxjh-emu/server/cmd/gameserver/packet/v21_script_api.go:96.6,97.1 1 1
github.com/rxjh-emu/server/cmd/gameserver/packet/v21_script_api.go:98.6,99.1 1 1
github.com/rxjh-emu/server/cmd/gameserver/packet/v21_script_api.go:110.31,110.63 1 1
github.com/rxjh-emu/server/cmd/gameserver/packet/v21_script_api.go:111.32,111.56 1 1
github.com/rxjh-emu/server/cmd/gameserver/packet/v21_script_api.go:119.31,119.63 1 1
github.com/rxjh-emu/server/cmd/gameserver/packet/v21_script_api.go:120.32,120.56 1 1
github.com/rxjh-emu/server/cmd/gameserver/packet/v21_script_api.go:123.2,123.10 1 1
github.com/rxjh-emu/server/cmd/gameserver/packet/v21_script_api.go:130.2,132.45 2 1
github.com/rxjh-emu/server/cmd/gameserver/packet/v21_script_api.go:132.47,132.77 1 0
github.com/rxjh-emu/server/cmd/gameserver/packet/v21_script_api.go:133.47,133.78 1 0
github.com/rxjh-emu/server/cmd/gameserver/packet/v21_script_api.go:134.47,134.83 1 1
github.com/rxjh-emu/server/cmd/gameserver/packet/v21_script_api.go:135.47,135.82 1 1
github.com/rxjh-emu/server/cmd/gameserver/packet/v21_script_api.go:136.47,136.81 1 1
github.com/rxjh-emu/server/cmd/gameserver/packet/v21_script_api.go:137.47,137.78 1 1
github.com/rxjh-emu/server/cmd/gameserver/packet/v21_script_api.go:138.47,138.78 1 1
github.com/rxjh-emu/server/cmd/gameserver/packet/v21_script_api.go:139.47,139.77 1 0
github.com/rxjh-emu/server/cmd/gameserver/packet/v21_script_api.go:140.47,140.78 1 0
github.com/rxjh-emu/server/cmd/gameserver/packet/v21_script_api.go:141.47,141.78 1 0
github.com/rxjh-emu/server/cmd/gameserver/packet/v21_script_api.go:142.47,142.79 1 0
github.com/rxjh-emu/server/cmd/gameserver/packet/v21_script_api.go:143.47,143.76 1 0
github.com/rxjh-emu/server/cmd/gameserver/packet/v21_script_api.go:145.2,145.10 1 1
github.com/rxjh-emu/server/cmd/gameserver/packet/v21_script_api.go:149.2,150.9 2 1
github.com/rxjh-emu/server/cmd/gameserver/packet/v21_script_api.go:151.3,153.1 2 0
github.com/rxjh-emu/server/cmd/gameserver/packet/v21_script_api.go:154.2,155.10 2 1
github.com/rxjh-emu/server/cmd/gameserver/packet/v21_script_api.go:161.2,162.14 2 1
github.com/rxjh-emu/server/cmd/gameserver/packet/v21_script_api.go:163.3,165.1 2 1
github.com/rxjh-emu/server/cmd/gameserver/packet/v21_script_api.go:166.2,167.9 2 1
github.com/rxjh-emu/server/cmd/gameserver/packet/v21_script_api.go:168.3,170.1 2 0
github.com/rxjh-emu/server/cmd/gameserver/packet/v21_script_api.go:171.2,172.10 2 1
github.com/rxjh-emu/server/cmd/gameserver/packet/v21_script_api.go:186.83,186.111 1 1
github.com/rxjh-emu/server/cmd/gameserver/packet/v21_script_api.go:187.83,187.112 1 1
github.com/rxjh-emu/server/cmd/gameserver/packet/v21_script_api.go:188.81,188.110 1 1
github.com/rxjh-emu/server/cmd/gameserver/packet/v21_script_api.go:189.80,189.108 1 1
github.com/rxjh-emu/server/cmd/gameserver/packet/v21_script_api.go:190.87,190.119 1 0
github.com/rxjh-emu/server/cmd/gameserver/packet/v21_script_api.go:191.81,191.111 1 1
github.com/rxjh-emu/server/cmd/gameserver/packet/v21_script_api.go:192.90,192.125 1 0
github.com/rxjh-emu/server/cmd/gameserver/packet/v21_script_api.go:193.80,193.108 1 1
github.com/rxjh-emu/server/cmd/gameserver/packet/v21_script_api.go:194.88,194.120 1 1
github.com/rxjh-emu/server/cmd/gameserver/packet/v21_script_api.go:195.85,195.118 1 1
github.com/rxjh-emu/server/cmd/gameserver/packet/v21_script_api.go:196.82,196.110 1 0
github.com/rxjh-emu/server/cmd/gameserver/packet/v21_script_api.go:197.87,197.118 1 0
github.com/rxjh-emu/server/cmd/gameserver/packet/v21_script_api.go:198.89,198.121 1 0
github.com/rxjh-emu/server/cmd/gameserver/packet/v21_script_api.go:202.2,202.36 1 1
github.com/rxjh-emu/server/cmd/gameserver/packet/v21_script_api.go:203.3,203.62 1 1
github.com/rxjh-emu/server/cmd/gameserver/packet/v21_script_api.go:204.4,204.11 1 1
github.com/rxjh-emu/server/cmd/gameserver/packet/v21_script_api.go:210.5,211.12 2 1
github.com/rxjh-emu/server/cmd/gameserver/packet/v21_script_api.go:212.6,214.1 2 1
github.com/rxjh-emu/server/cmd/gameserver/packet/v21_script_api.go:215.5,215.40 1 1
github.com/rxjh-emu/server/cmd/gameserver/packet/v21_script_api.go:219.5,220.24 2 1
github.com/rxjh-emu/server/cmd/gameserver/packet/v21_script_api.go:221.6,223.1 2 0
github.com/rxjh-emu/server/cmd/gameserver/packet/v21_script_api.go:224.5,225.12 2 1
github.com/rxjh-emu/server/cmd/gameserver/packet/v21_script_api.go:226.6,228.1 2 0
github.com/rxjh-emu/server/cmd/gameserver/packet/v21_script_api.go:229.5,229.27 1 1
github.com/rxjh-emu/server/cmd/gameserver/packet/v21_script_api.go:231.4,231.12 1 1
github.com/rxjh-emu/server/cmd/gameserver/packet/v21_script_api.go:235.2,237.1 3 1
github.com/rxjh-emu/server/cmd/gameserver/packet/v21_script_api.go:240.2,240.69 3 1
github.com/rxjh-emu/server/cmd/gameserver/packet/v21_script_api.go:241.3,242.10 2 1
github.com/rxjh-emu/server/cmd/gameserver/packet/v21_script_api.go:243.4,245.1 2 0
github.com/rxjh-emu/server/cmd/gameserver/packet/v21_script_api.go:246.3,247.11 2 1
github.com/rxjh-emu/server/cmd/gameserver/packet/v21_script_api.go:257.2,257.66 1 1
github.com/rxjh-emu/server/cmd/gameserver/packet/v21_script_api.go:258.3,259.10 2 1
github.com/rxjh-emu/server/cmd/gameserver/packet/v21_script_api.go:260.4,262.1 2 0
github.com/rxjh-emu/server/cmd/gameserver/packet/v21_script_api.go:263.3,264.11 2 1
github.com/rxjh-emu/server/cmd/gameserver/packet/v21_script_api.go:266.2,267.69 2 1
github.com/rxjh-emu/server/cmd/gameserver/packet/v21_script_api.go:268.3,269.10 2 1
github.com/rxjh-emu/server/cmd/gameserver/packet/v21_script_api.go:270.4,272.1 2 0
github.com/rxjh-emu/server/cmd/gameserver/packet/v21_script_api.go:273.3,274.51 2 1
github.com/rxjh-emu/server/cmd/gameserver/packet/v21_script_api.go:275.4,275.58 1 1
github.com/rxjh-emu/server/cmd/gameserver/packet/v21_script_api.go:276.5,277.1 1 1
github.com/rxjh-emu/server/cmd/gameserver/packet/v21_script_api.go:279.3,280.11 2 1
github.com/rxjh-emu/server/cmd/gameserver/packet/v21_script_api.go:282.2,282.66 1 1
github.com/rxjh-emu/server/cmd/gameserver/packet/v21_script_api.go:283.3,284.10 2 0
github.com/rxjh-emu/server/cmd/gameserver/packet/v21_script_api.go:285.4,287.1 2 0
github.com/rxjh-emu/server/cmd/gameserver/packet/v21_script_api.go:290.3,290.49 1 0
github.com/rxjh-emu/server/cmd/gameserver/packet/v21_script_api.go:291.4,291.78 1 0
github.com/rxjh-emu/server/cmd/gameserver/packet/v21_script_api.go:292.5,294.1 2 0
github.com/rxjh-emu/server/cmd/gameserver/packet/v21_script_api.go:296.3,297.11 2 0
github.com/rxjh-emu/server/cmd/gameserver/packet/v21_script_api.go:304.2,304.65 1 1
github.com/rxjh-emu/server/cmd/gameserver/packet/v21_script_api.go:305.3,306.10 2 1
github.com/rxjh-emu/server/cmd/gameserver/packet/v21_script_api.go:308.4,308.27 1 0
github.com/rxjh-emu/server/cmd/gameserver/packet/v21_script_api.go:310.4,310.27 1 1
github.com/rxjh-emu/server/cmd/gameserver/packet/v21_script_api.go:312.4,312.28 1 1
github.com/rxjh-emu/server/cmd/gameserver/packet/v21_script_api.go:314.4,314.49 1 1
github.com/rxjh-emu/server/cmd/gameserver/packet/v21_script_api.go:316.3,316.11 1 1
github.com/rxjh-emu/server/cmd/gameserver/packet/v21_script_api.go:324.2,326.9 3 1
github.com/rxjh-emu/server/cmd/gameserver/packet/v21_script_api.go:330.3,332.1 2 0
github.com/rxjh-emu/server/cmd/gameserver/packet/v21_script_api.go:333.2,335.50 3 1
github.com/rxjh-emu/server/cmd/gameserver/packet/v21_script_api.go:336.3,336.57 1 1
github.com/rxjh-emu/server/cmd/gameserver/packet/v21_script_api.go:337.4,339.21 3 1
github.com/rxjh-emu/server/cmd/gameserver/packet/v21_script_api.go:340.5,340.10 1 1
github.com/rxjh-emu/server/cmd/gameserver/packet/v21_script_api.go:344.2,346.10 3 1
github.com/rxjh-emu/server/cmd/gameserver/packet/v21_script_api.go:380.2,381.9 2 1
github.com/rxjh-emu/server/cmd/gameserver/packet/v21_script_api.go:382.3,383.1 1 0
github.com/rxjh-emu/server/cmd/gameserver/packet/v21_script_api.go:384.2,385.12 2 1
github.com/rxjh-emu/server/cmd/gameserver/packet/v21_script_api.go:386.3,387.1 1 1
github.com/rxjh-emu/server/cmd/gameserver/packet/v21_script_api.go:391.2,392.26 2 1
github.com/rxjh-emu/server/cmd/gameserver/packet/v21_script_api.go:393.3,394.1 1 1
github.com/rxjh-emu/server/cmd/gameserver/packet/v21_script_api.go:395.2,396.18 2 1
github.com/rxjh-emu/server/cmd/gameserver/packet/v21_script_api.go:398.3,399.1 1 0
github.com/rxjh-emu/server/cmd/gameserver/packet/v21_script_api.go:400.2,402.81 3 1
github.com/rxjh-emu/server/cmd/gameserver/packet/v21_script_api.go:407.3,408.1 1 1
github.com/rxjh-emu/server/cmd/gameserver/packet/v21_script_api.go:410.2,410.41 1 1
github.com/rxjh-emu/server/cmd/gameserver/packet/v21_script_api.go:414.2,415.9 2 1
github.com/rxjh-emu/server/cmd/gameserver/packet/v21_script_api.go:416.3,417.1 1 0
github.com/rxjh-emu/server/cmd/gameserver/packet/v21_script_api.go:418.2,421.10 2 1
github.com/rxjh-emu/server/cmd/gameserver/packet/v21_script_api.go:434.2,435.9 2 1
github.com/rxjh-emu/server/cmd/gameserver/packet/v21_script_api.go:436.3,437.1 1 0
github.com/rxjh-emu/server/cmd/gameserver/packet/v21_script_api.go:438.2,440.12 3 1
github.com/rxjh-emu/server/cmd/gameserver/packet/v21_script_api.go:441.3,442.1 1 0
github.com/rxjh-emu/server/cmd/gameserver/packet/v21_script_api.go:443.2,446.10 2 1
github.com/rxjh-emu/server/cmd/gameserver/packet/v21_script_api.go:458.2,459.9 2 1
github.com/rxjh-emu/server/cmd/gameserver/packet/v21_script_api.go:460.3,461.1 1 0
github.com/rxjh-emu/server/cmd/gameserver/packet/v21_script_api.go:462.2,463.9 2 1
github.com/rxjh-emu/server/cmd/gameserver/packet/v21_script_api.go:464.3,465.1 1 0
github.com/rxjh-emu/server/cmd/gameserver/packet/v21_script_api.go:466.2,467.43 2 1
github.com/rxjh-emu/server/cmd/gameserver/packet/v21_script_api.go:468.3,469.1 1 1
github.com/rxjh-emu/server/cmd/gameserver/packet/v21_script_api.go:470.2,471.10 2 1
github.com/rxjh-emu/server/cmd/gameserver/packet/v21_script_api.go:481.2,482.9 2 1
github.com/rxjh-emu/server/cmd/gameserver/packet/v21_script_api.go:483.3,484.1 1 0
github.com/rxjh-emu/server/cmd/gameserver/packet/v21_script_api.go:485.2,486.9 2 1
github.com/rxjh-emu/server/cmd/gameserver/packet/v21_script_api.go:487.3,488.1 1 0
github.com/rxjh-emu/server/cmd/gameserver/packet/v21_script_api.go:489.2,490.43 2 1
github.com/rxjh-emu/server/cmd/gameserver/packet/v21_script_api.go:491.3,492.1 1 1
github.com/rxjh-emu/server/cmd/gameserver/packet/v21_script_api.go:493.2,494.10 2 1
github.com/rxjh-emu/server/cmd/gameserver/packet/v21_script_api.go:502.2,503.9 2 1
github.com/rxjh-emu/server/cmd/gameserver/packet/v21_script_api.go:504.3,505.1 1 0
github.com/rxjh-emu/server/cmd/gameserver/packet/v21_script_api.go:506.2,508.9 3 1
github.com/rxjh-emu/server/cmd/gameserver/packet/v21_script_api.go:509.3,511.1 2 1
github.com/rxjh-emu/server/cmd/gameserver/packet/v21_script_api.go:512.2,513.10 2 1
github.com/rxjh-emu/server/cmd/gameserver/packet/v21_script_api.go:523.2,524.9 2 1
github.com/rxjh-emu/server/cmd/gameserver/packet/v21_script_api.go:525.3,527.1 2 0
github.com/rxjh-emu/server/cmd/gameserver/packet/v21_script_api.go:528.2,529.10 2 1
github.com/rxjh-emu/server/cmd/gameserver/packet/v21_script_api.go:535.2,536.9 2 1
github.com/rxjh-emu/server/cmd/gameserver/packet/v21_script_api.go:537.3,539.1 2 0
github.com/rxjh-emu/server/cmd/gameserver/packet/v21_script_api.go:540.2,541.10 2 1
github.com/rxjh-emu/server/cmd/gameserver/packet/v21_script_api.go:550.2,551.9 2 1
github.com/rxjh-emu/server/cmd/gameserver/packet/v21_script_api.go:552.3,553.1 1 0
github.com/rxjh-emu/server/cmd/gameserver/packet/v21_script_api.go:554.2,555.16 2 1
github.com/rxjh-emu/server/cmd/gameserver/packet/v21_script_api.go:556.3,557.1 1 0
github.com/rxjh-emu/server/cmd/gameserver/packet/v21_script_api.go:558.2,559.12 2 1
github.com/rxjh-emu/server/cmd/gameserver/packet/v21_script_api.go:560.3,561.1 1 0
github.com/rxjh-emu/server/cmd/gameserver/packet/v21_script_api.go:562.2,562.25 1 1
github.com/rxjh-emu/server/cmd/gameserver/packet/v21_script_api.go:563.3,565.1 2 1
github.com/rxjh-emu/server/cmd/gameserver/packet/v21_script_api.go:566.2,566.53 1 1
github.com/rxjh-emu/server/cmd/gameserver/packet/v21_script_api.go:567.3,568.1 1 0
github.com/rxjh-emu/server/cmd/gameserver/packet/v21_script_api.go:569.2,570.10 2 1
github.com/rxjh-emu/server/cmd/gameserver/packet/v21_script_api.go:576.2,584.1 8 1
github.com/rxjh-emu/server/cmd/gameserver/packet/v21_script_api.go:600.2,601.9 2 1
github.com/rxjh-emu/server/cmd/gameserver/packet/v21_script_api.go:602.3,603.1 1 0
github.com/rxjh-emu/server/cmd/gameserver/packet/v21_script_api.go:604.2,605.9 2 1
github.com/rxjh-emu/server/cmd/gameserver/packet/v21_script_api.go:606.3,607.1 1 0
github.com/rxjh-emu/server/cmd/gameserver/packet/v21_script_api.go:608.2,608.20 1 1
github.com/rxjh-emu/server/cmd/gameserver/packet/v21_script_api.go:609.3,610.1 1 1
github.com/rxjh-emu/server/cmd/gameserver/packet/v21_script_api.go:611.2,612.10 2 1
github.com/rxjh-emu/server/cmd/gameserver/packet/v21_script_api.go:620.2,621.9 2 1
github.com/rxjh-emu/server/cmd/gameserver/packet/v21_script_api.go:622.3,623.1 1 0
github.com/rxjh-emu/server/cmd/gameserver/packet/v21_script_api.go:624.2,625.9 2 1
github.com/rxjh-emu/server/cmd/gameserver/packet/v21_script_api.go:626.3,627.1 1 0
github.com/rxjh-emu/server/cmd/gameserver/packet/v21_script_api.go:628.2,629.15 2 1
github.com/rxjh-emu/server/cmd/gameserver/packet/v21_script_api.go:630.3,631.1 1 1
github.com/rxjh-emu/server/cmd/gameserver/packet/v21_script_api.go:632.2,634.10 3 1
github.com/rxjh-emu/server/cmd/gameserver/packet/v21_script_api.go:647.2,648.9 2 1
github.com/rxjh-emu/server/cmd/gameserver/packet/v21_script_api.go:649.3,650.1 1 0
github.com/rxjh-emu/server/cmd/gameserver/packet/v21_script_api.go:651.2,651.46 1 1
github.com/rxjh-emu/server/cmd/gameserver/packet/v21_script_api.go:651.48,651.83 1 1
github.com/rxjh-emu/server/cmd/gameserver/packet/v21_script_api.go:652.2,652.10 1 1
github.com/rxjh-emu/server/cmd/gameserver/packet/v21_script_api.go:658.2,659.9 2 1
github.com/rxjh-emu/server/cmd/gameserver/packet/v21_script_api.go:660.3,661.1 1 0
github.com/rxjh-emu/server/cmd/gameserver/packet/v21_script_api.go:662.2,663.10 2 1
github.com/rxjh-emu/server/cmd/gameserver/packet/v21_script_api.go:667.2,668.9 2 1
github.com/rxjh-emu/server/cmd/gameserver/packet/v21_script_api.go:669.3,670.1 1 0
github.com/rxjh-emu/server/cmd/gameserver/packet/v21_script_api.go:671.2,672.10 2 1
github.com/rxjh-emu/server/cmd/gameserver/packet/v21_script_api.go:682.2,683.9 2 1
github.com/rxjh-emu/server/cmd/gameserver/packet/v21_script_api.go:684.3,685.1 1 0
github.com/rxjh-emu/server/cmd/gameserver/packet/v21_script_api.go:686.2,687.28 2 1
github.com/rxjh-emu/server/cmd/gameserver/packet/v21_script_api.go:688.3,689.1 1 1
github.com/rxjh-emu/server/cmd/gameserver/packet/v21_script_api.go:690.2,690.10 1 1
github.com/rxjh-emu/server/cmd/gameserver/packet/v21_script_api.go:700.2,701.9 2 1
github.com/rxjh-emu/server/cmd/gameserver/packet/v21_script_api.go:702.3,703.1 1 0
github.com/rxjh-emu/server/cmd/gameserver/packet/v21_script_api.go:704.2,708.28 5 1
github.com/rxjh-emu/server/cmd/gameserver/packet/v21_script_api.go:709.3,710.1 1 1
github.com/rxjh-emu/server/cmd/gameserver/packet/v21_script_api.go:711.2,713.40 3 1
github.com/rxjh-emu/server/cmd/gameserver/packet/v21_script_api.go:713.42,713.61 1 1
github.com/rxjh-emu/server/cmd/gameserver/packet/v21_script_api.go:714.2,714.28 1 1
github.com/rxjh-emu/server/cmd/gameserver/packet/v21_script_api.go:715.3,716.1 1 1
github.com/rxjh-emu/server/cmd/gameserver/packet/v21_script_api.go:717.2,717.10 1 1
github.com/rxjh-emu/server/cmd/gameserver/packet/v21_script_api.go:728.2,729.9 2 1
github.com/rxjh-emu/server/cmd/gameserver/packet/v21_script_api.go:730.3,731.1 1 0
github.com/rxjh-emu/server/cmd/gameserver/packet/v21_script_api.go:732.2,735.9 4 1
github.com/rxjh-emu/server/cmd/gameserver/packet/v21_script_api.go:737.3,737.11 1 1
github.com/rxjh-emu/server/cmd/gameserver/packet/v21_script_api.go:739.3,739.16 1 1
github.com/rxjh-emu/server/cmd/gameserver/packet/v21_script_api.go:741.2,742.10 2 1
github.com/rxjh-emu/server/cmd/gameserver/packet/v21_script_api.go:750.2,751.9 2 1
github.com/rxjh-emu/server/cmd/gameserver/packet/v21_script_api.go:752.3,753.1 1 0
github.com/rxjh-emu/server/cmd/gameserver/packet/v21_script_api.go:754.2,755.9 2 1
github.com/rxjh-emu/server/cmd/gameserver/packet/v21_script_api.go:756.3,757.1 1 0
github.com/rxjh-emu/server/cmd/gameserver/packet/v21_script_api.go:758.2,759.10 2 1
github.com/rxjh-emu/server/cmd/gameserver/packet/v21_script_api.go:770.2,771.9 2 1
github.com/rxjh-emu/server/cmd/gameserver/packet/v21_script_api.go:772.3,773.1 1 0
github.com/rxjh-emu/server/cmd/gameserver/packet/v21_script_api.go:774.2,775.10 2 1
github.com/rxjh-emu/server/cmd/gameserver/packet/v21_script_api.go:782.2,783.9 2 1
github.com/rxjh-emu/server/cmd/gameserver/packet/v21_script_api.go:784.3,785.1 1 0
github.com/rxjh-emu/server/cmd/gameserver/packet/v21_script_api.go:786.2,790.1 5 1
github.com/rxjh-emu/server/cmd/gameserver/packet/v21_script_api.go:793.2,793.18 5 1
github.com/rxjh-emu/server/cmd/gameserver/packet/v21_script_api.go:794.3,796.1 2 0
github.com/rxjh-emu/server/cmd/gameserver/packet/v21_script_api.go:797.2,798.10 2 1
github.com/rxjh-emu/server/cmd/gameserver/packet/v21_script_api.go:811.2,812.1 2 1
github.com/rxjh-emu/server/cmd/gameserver/packet/v21_script_api.go:816.2,816.20 2 1
github.com/rxjh-emu/server/cmd/gameserver/packet/v21_script_api.go:817.3,818.1 1 1
github.com/rxjh-emu/server/cmd/gameserver/packet/v21_script_api.go:819.2,819.44 1 1
github.com/rxjh-emu/server/cmd/gameserver/packet/v21_script_api.go:820.3,820.24 1 1
github.com/rxjh-emu/server/cmd/gameserver/packet/v21_script_api.go:822.4,822.49 1 1
github.com/rxjh-emu/server/cmd/gameserver/packet/v21_script_api.go:824.4,824.58 1 1
github.com/rxjh-emu/server/cmd/gameserver/packet/v21_script_api.go:827.2,827.10 1 1
github.com/rxjh-emu/server/cmd/gameserver/packet/v21_script_api.go:831.2,832.9 2 1
github.com/rxjh-emu/server/cmd/gameserver/packet/v21_script_api.go:833.3,834.1 1 0
github.com/rxjh-emu/server/cmd/gameserver/packet/v21_script_api.go:835.2,836.10 2 1
github.com/rxjh-emu/server/cmd/gameserver/packet/v21_script_api.go:847.2,848.9 2 1
github.com/rxjh-emu/server/cmd/gameserver/packet/v21_script_api.go:849.3,850.1 1 0
github.com/rxjh-emu/server/cmd/gameserver/packet/v21_script_api.go:851.2,852.9 2 1
github.com/rxjh-emu/server/cmd/gameserver/packet/v21_script_api.go:853.3,854.1 1 0
github.com/rxjh-emu/server/cmd/gameserver/packet/v21_script_api.go:855.2,857.10 3 1
github.com/rxjh-emu/server/cmd/gameserver/packet/v21_script_api.go:872.2,873.9 2 1
github.com/rxjh-emu/server/cmd/gameserver/packet/v21_script_api.go:874.3,875.1 1 0
github.com/rxjh-emu/server/cmd/gameserver/packet/v21_script_api.go:876.2,877.10 2 1
github.com/rxjh-emu/server/cmd/gameserver/packet/v21_script_api.go:885.2,886.9 2 1
github.com/rxjh-emu/server/cmd/gameserver/packet/v21_script_api.go:887.3,888.1 1 0
github.com/rxjh-emu/server/cmd/gameserver/packet/v21_script_api.go:889.2,890.10 2 1
github.com/rxjh-emu/server/cmd/gameserver/packet/v21_script_api.go:907.2,908.9 2 1
github.com/rxjh-emu/server/cmd/gameserver/packet/v21_script_api.go:909.3,910.1 1 0
github.com/rxjh-emu/server/cmd/gameserver/packet/v21_script_api.go:911.2,912.15 2 1
github.com/rxjh-emu/server/cmd/gameserver/packet/v21_script_api.go:913.3,914.1 1 1
github.com/rxjh-emu/server/cmd/gameserver/packet/v21_script_api.go:916.2,918.15 3 1
github.com/rxjh-emu/server/cmd/gameserver/packet/v21_script_api.go:919.3,922.1 3 1
github.com/rxjh-emu/server/cmd/gameserver/packet/v21_script_api.go:923.3,926.1 3 1
github.com/rxjh-emu/server/cmd/gameserver/packet/v21_script_api.go:933.2,935.10 2 1
github.com/rxjh-emu/server/cmd/gameserver/packet/v21_script_api.go:943.2,944.9 2 1
github.com/rxjh-emu/server/cmd/gameserver/packet/v21_script_api.go:945.3,946.1 1 0
github.com/rxjh-emu/server/cmd/gameserver/packet/v21_script_api.go:947.2,949.29 3 1
github.com/rxjh-emu/server/cmd/gameserver/packet/v21_script_api.go:950.3,951.1 1 1
github.com/rxjh-emu/server/cmd/gameserver/packet/v21_script_api.go:952.2,954.10 3 1
github.com/rxjh-emu/server/cmd/gameserver/packet/v21_script_api.go:961.2,980.1 19 1
github.com/rxjh-emu/server/cmd/gameserver/packet/v21_script_api.go:989.2,990.12 2 1
github.com/rxjh-emu/server/cmd/gameserver/packet/v21_script_api.go:992.3,993.47 2 1
github.com/rxjh-emu/server/cmd/gameserver/packet/v21_script_api.go:993.49,993.68 1 1
github.com/rxjh-emu/server/cmd/gameserver/packet/v21_script_api.go:995.3,996.47 2 1
github.com/rxjh-emu/server/cmd/gameserver/packet/v21_script_api.go:996.49,996.68 1 1
github.com/rxjh-emu/server/cmd/gameserver/packet/v21_script_api.go:998.3,999.10 2 1
github.com/rxjh-emu/server/cmd/gameserver/packet/v21_script_api.go:1000.4,1001.1 1 0
github.com/rxjh-emu/server/cmd/gameserver/packet/v21_script_api.go:1002.3,1003.45 2 1
github.com/rxjh-emu/server/cmd/gameserver/packet/v21_script_api.go:1005.3,1006.35 2 1
github.com/rxjh-emu/server/cmd/gameserver/packet/v21_script_api.go:1015.2,1016.9 2 1
github.com/rxjh-emu/server/cmd/gameserver/packet/v21_script_api.go:1017.3,1018.1 1 0
github.com/rxjh-emu/server/cmd/gameserver/packet/v21_script_api.go:1019.2,1020.10 2 1
github.com/rxjh-emu/server/cmd/gameserver/packet/v21_script_api.go:1027.2,1028.1 1 1
github.com/rxjh-emu/server/cmd/gameserver/packet/v21_script_api.go:1034.2,1035.9 2 1
github.com/rxjh-emu/server/cmd/gameserver/packet/v21_script_api.go:1036.3,1037.1 1 0
github.com/rxjh-emu/server/cmd/gameserver/packet/v21_script_api.go:1038.2,1042.10 5 1
github.com/rxjh-emu/server/cmd/gameserver/packet/v21_script_api.go:1049.2,1050.9 2 1
github.com/rxjh-emu/server/cmd/gameserver/packet/v21_script_api.go:1051.3,1052.1 1 0
github.com/rxjh-emu/server/cmd/gameserver/packet/v21_script_api.go:1053.2,1057.10 5 1
github.com/rxjh-emu/server/cmd/gameserver/packet/v21_script_api.go:1068.2,1069.9 2 1
github.com/rxjh-emu/server/cmd/gameserver/packet/v21_script_api.go:1070.3,1071.1 1 0
github.com/rxjh-emu/server/cmd/gameserver/packet/v21_script_api.go:1072.2,1074.1 3 1
github.com/rxjh-emu/server/cmd/gameserver/packet/v21_script_api.go:1080.2,1080.63 3 1
github.com/rxjh-emu/server/cmd/gameserver/packet/v21_script_api.go:1081.3,1082.1 1 1
github.com/rxjh-emu/server/cmd/gameserver/packet/v21_script_api.go:1083.2,1085.1 4 1
github.com/rxjh-emu/server/cmd/gameserver/packet/v21_script_api.go:1086.2,1087.10 4 1
github.com/rxjh-emu/server/cmd/gameserver/packet/v21_script_api.go:1093.2,1099.1 6 1
github.com/rxjh-emu/server/cmd/gameserver/packet/v21_script_api.go:1103.2,1104.9 2 0
github.com/rxjh-emu/server/cmd/gameserver/packet/v21_script_api.go:1105.3,1106.1 1 0
github.com/rxjh-emu/server/cmd/gameserver/packet/v21_script_api.go:1107.2,1108.13 2 0
github.com/rxjh-emu/server/cmd/gameserver/packet/v21_script_api.go:1109.3,1113.41 5 0
github.com/rxjh-emu/server/cmd/gameserver/packet/v21_script_api.go:1113.43,1113.62 1 0
github.com/rxjh-emu/server/cmd/gameserver/packet/v21_script_api.go:1114.3,1114.17 1 0
github.com/rxjh-emu/server/cmd/gameserver/packet/v21_script_api.go:1115.4,1117.1 2 0
github.com/rxjh-emu/server/cmd/gameserver/packet/v21_script_api.go:1119.2,1119.10 1 0
github.com/rxjh-emu/server/cmd/gameserver/packet/v21_script_api.go:1124.2,1125.9 2 0
github.com/rxjh-emu/server/cmd/gameserver/packet/v21_script_api.go:1126.3,1127.1 1 0
github.com/rxjh-emu/server/cmd/gameserver/packet/v21_script_api.go:1128.2,1129.9 2 0
github.com/rxjh-emu/server/cmd/gameserver/packet/v21_script_api.go:1130.3,1131.1 1 0
github.com/rxjh-emu/server/cmd/gameserver/packet/v21_script_api.go:1132.2,1133.16 2 0
github.com/rxjh-emu/server/cmd/gameserver/packet/v21_script_api.go:1134.3,1136.1 2 0
github.com/rxjh-emu/server/cmd/gameserver/packet/v21_script_api.go:1137.2,1137.10 1 0
github.com/rxjh-emu/server/cmd/gameserver/packet/v21_script_api.go:1142.2,1143.9 2 0
github.com/rxjh-emu/server/cmd/gameserver/packet/v21_script_api.go:1144.3,1145.1 1 0
github.com/rxjh-emu/server/cmd/gameserver/packet/v21_script_api.go:1146.2,1147.12 2 0
github.com/rxjh-emu/server/cmd/gameserver/packet/v21_script_api.go:1148.3,1150.47 3 0
github.com/rxjh-emu/server/cmd/gameserver/packet/v21_script_api.go:1150.49,1150.68 1 0
github.com/rxjh-emu/server/cmd/gameserver/packet/v21_script_api.go:1152.2,1152.10 1 0
github.com/rxjh-emu/server/cmd/gameserver/packet/v21_script_api.go:1157.2,1158.9 2 0
github.com/rxjh-emu/server/cmd/gameserver/packet/v21_script_api.go:1159.3,1160.1 1 0
github.com/rxjh-emu/server/cmd/gameserver/packet/v21_script_api.go:1161.2,1165.10 5 0
github.com/rxjh-emu/server/cmd/gameserver/packet/v21_script_api.go:1170.2,1171.9 2 0
github.com/rxjh-emu/server/cmd/gameserver/packet/v21_script_api.go:1172.3,1174.1 2 0
github.com/rxjh-emu/server/cmd/gameserver/packet/v21_script_api.go:1175.2,1176.10 2 0
github.com/rxjh-emu/server/cmd/gameserver/packet/v21_script_api.go:1181.2,1182.9 2 0
github.com/rxjh-emu/server/cmd/gameserver/packet/v21_script_api.go:1183.3,1185.1 2 0
github.com/rxjh-emu/server/cmd/gameserver/packet/v21_script_api.go:1186.2,1187.10 2 0
github.com/rxjh-emu/server/cmd/gameserver/packet/v21_script_api.go:1192.2,1193.9 2 0
github.com/rxjh-emu/server/cmd/gameserver/packet/v21_script_api.go:1194.3,1196.1 2 0
github.com/rxjh-emu/server/cmd/gameserver/packet/v21_script_api.go:1197.2,1198.10 2 0
github.com/rxjh-emu/server/cmd/gameserver/packet/v21_script_api.go:1203.2,1204.9 2 0
github.com/rxjh-emu/server/cmd/gameserver/packet/v21_script_api.go:1205.3,1207.1 2 0
github.com/rxjh-emu/server/cmd/gameserver/packet/v21_script_api.go:1208.2,1209.10 2 0
github.com/rxjh-emu/server/cmd/gameserver/packet/v21_script_api.go:1214.2,1215.9 2 0
github.com/rxjh-emu/server/cmd/gameserver/packet/v21_script_api.go:1216.3,1218.1 2 0
github.com/rxjh-emu/server/cmd/gameserver/packet/v21_script_api.go:1219.2,1220.10 2 0
github.com/rxjh-emu/server/cmd/gameserver/packet/v21_script_api.go:1225.2,1226.9 2 0
github.com/rxjh-emu/server/cmd/gameserver/packet/v21_script_api.go:1227.3,1229.1 2 0
github.com/rxjh-emu/server/cmd/gameserver/packet/v21_script_api.go:1230.2,1231.10 2 0
github.com/rxjh-emu/server/cmd/gameserver/packet/v21_script_api.go:1236.2,1237.9 2 0
github.com/rxjh-emu/server/cmd/gameserver/packet/v21_script_api.go:1238.3,1240.1 2 0
github.com/rxjh-emu/server/cmd/gameserver/packet/v21_script_api.go:1241.2,1242.10 2 0
github.com/rxjh-emu/server/cmd/gameserver/packet/v21_script_api.go:1247.2,1248.9 2 0
github.com/rxjh-emu/server/cmd/gameserver/packet/v21_script_api.go:1249.3,1251.1 2 0
github.com/rxjh-emu/server/cmd/gameserver/packet/v21_script_api.go:1252.2,1253.10 2 0
github.com/rxjh-emu/server/cmd/gameserver/packet/v21_script_api.go:1258.2,1259.9 2 0
github.com/rxjh-emu/server/cmd/gameserver/packet/v21_script_api.go:1260.3,1262.1 2 0
github.com/rxjh-emu/server/cmd/gameserver/packet/v21_script_api.go:1263.2,1265.41 3 0
github.com/rxjh-emu/server/cmd/gameserver/packet/v21_script_api.go:1266.3,1266.19 1 0
github.com/rxjh-emu/server/cmd/gameserver/packet/v21_script_api.go:1267.4,1268.1 1 0
github.com/rxjh-emu/server/cmd/gameserver/packet/v21_script_api.go:1270.2,1271.10 2 0
github.com/rxjh-emu/server/cmd/gameserver/packet/v21_script_api.go:1276.2,1277.9 2 0
github.com/rxjh-emu/server/cmd/gameserver/packet/v21_script_api.go:1278.3,1280.1 2 0
github.com/rxjh-emu/server/cmd/gameserver/packet/v21_script_api.go:1281.2,1283.21 3 0
github.com/rxjh-emu/server/cmd/gameserver/packet/v21_script_api.go:1284.3,1285.1 1 0
github.com/rxjh-emu/server/cmd/gameserver/packet/v21_script_api.go:1286.2,1286.50 1 0
github.com/rxjh-emu/server/cmd/gameserver/packet/v21_script_api.go:1287.3,1288.46 2 0
github.com/rxjh-emu/server/cmd/gameserver/packet/v21_script_api.go:1289.4,1291.1 2 0
github.com/rxjh-emu/server/cmd/gameserver/packet/v21_script_api.go:1293.2,1294.10 2 0
github.com/rxjh-emu/server/cmd/gameserver/packet/v21_script_api.go:1299.2,1300.16 2 0
github.com/rxjh-emu/server/cmd/gameserver/packet/v21_script_api.go:1301.3,1303.1 2 0
github.com/rxjh-emu/server/cmd/gameserver/packet/v21_script_api.go:1304.2,1305.10 2 0
github.com/rxjh-emu/server/cmd/gameserver/packet/v21_script_api.go:1310.2,1311.9 2 0
github.com/rxjh-emu/server/cmd/gameserver/packet/v21_script_api.go:1312.3,1313.1 1 0
github.com/rxjh-emu/server/cmd/gameserver/packet/v21_script_api.go:1314.2,1321.10 8 0
github.com/rxjh-emu/server/cmd/gameserver/packet/v21_script_api.go:1326.2,1327.9 2 0
github.com/rxjh-emu/server/cmd/gameserver/packet/v21_script_api.go:1328.3,1329.1 1 0
github.com/rxjh-emu/server/cmd/gameserver/packet/v21_script_api.go:1330.2,1332.16 3 0
github.com/rxjh-emu/server/cmd/gameserver/packet/v21_script_api.go:1333.3,1334.1 1 0
github.com/rxjh-emu/server/cmd/gameserver/packet/v21_script_api.go:1335.2,1335.10 1 0
github.com/rxjh-emu/server/cmd/gameserver/packet/v21_script_api.go:1339.2,1366.1 27 1
github.com/rxjh-emu/server/cmd/gameserver/packet/v21_send.go:22.33,22.65 1 1
github.com/rxjh-emu/server/cmd/gameserver/packet/v21_send.go:25.2,26.1 1 1
github.com/rxjh-emu/server/cmd/gameserver/packet/v21_send.go:29.2,30.1 1 1
github.com/rxjh-emu/server/cmd/gameserver/packet/v21_send.go:33.2,33.25 1 1
github.com/rxjh-emu/server/cmd/gameserver/packet/v21_send.go:34.3,35.1 1 1
github.com/rxjh-emu/server/cmd/gameserver/packet/v21_send.go:38.37,38.69 1 1
github.com/rxjh-emu/server/cmd/gameserver/packet/v21_send.go:40.37,40.66 1 1
github.com/rxjh-emu/server/cmd/gameserver/packet/v21_send.go:42.34,42.77 1 1
github.com/rxjh-emu/server/cmd/gameserver/packet/v21_send.go:49.2,52.1 3 1
github.com/rxjh-emu/server/cmd/gameserver/packet/v21_send.go:54.38,54.52 1 1
github.com/rxjh-emu/server/cmd/gameserver/packet/v21_send.go:59.2,60.17 2 1
github.com/rxjh-emu/server/cmd/gameserver/packet/v21_send.go:61.3,62.1 1 0
github.com/rxjh-emu/server/cmd/gameserver/packet/v21_send.go:63.2,65.1 3 1
github.com/rxjh-emu/server/cmd/gameserver/packet/v21_send.go:67.2,67.100 3 1
github.com/rxjh-emu/server/cmd/gameserver/packet/v21_send.go:68.3,70.1 2 0
github.com/rxjh-emu/server/cmd/gameserver/packet/v21_send.go:71.2,71.22 1 1
github.com/rxjh-emu/server/cmd/gameserver/packet/v21_send.go:72.3,73.1 1 1
github.com/rxjh-emu/server/cmd/gameserver/packet/v21_send.go:75.2,77.6 3 1
github.com/rxjh-emu/server/cmd/gameserver/packet/v21_send.go:78.3,78.25 1 1
github.com/rxjh-emu/server/cmd/gameserver/packet/v21_send.go:79.4,80.1 1 1
github.com/rxjh-emu/server/cmd/gameserver/packet/v21_send.go:81.3,84.20 4 1
github.com/rxjh-emu/server/cmd/gameserver/packet/v21_send.go:85.4,85.9 1 1
github.com/rxjh-emu/server/cmd/gameserver/packet/v21_send.go:87.3,87.15 1 1
github.com/rxjh-emu/server/cmd/gameserver/packet/v21_send.go:89.2,89.12 1 1
github.com/rxjh-emu/server/cmd/gameserver/packet/v21_send.go:97.2,100.1 4 1
github.com/rxjh-emu/server/cmd/gameserver/packet/v21_send.go:103.2,103.44 4 1
github.com/rxjh-emu/server/cmd/gameserver/packet/v21_send.go:104.3,104.34 1 1
github.com/rxjh-emu/server/cmd/gameserver/packet/v21_send.go:105.4,107.1 2 0
github.com/rxjh-emu/server/cmd/gameserver/packet/v21_send.go:107.10,107.21 1 1
github.com/rxjh-emu/server/cmd/gameserver/packet/v21_send.go:108.4,111.1 3 1
github.com/rxjh-emu/server/cmd/gameserver/packet/v21_send.go:112.3,112.37 1 1
github.com/rxjh-emu/server/cmd/gameserver/packet/v21_send.go:113.4,114.1 1 1
github.com/rxjh-emu/server/cmd/gameserver/packet/v21_send.go:115.4,116.1 1 1
github.com/rxjh-emu/server/cmd/gameserver/packet/v21_send.go:117.3,117.19 1 1
github.com/rxjh-emu/server/cmd/gameserver/packet/v21_send.go:120.2,121.20 2 1
github.com/rxjh-emu/server/cmd/gameserver/packet/v21_send.go:122.3,122.32 1 1
github.com/rxjh-emu/server/cmd/gameserver/packet/v21_send.go:123.4,123.23 1 1
github.com/rxjh-emu/server/cmd/gameserver/packet/v21_send.go:124.5,124.32 1 1
github.com/rxjh-emu/server/cmd/gameserver/packet/v21_send.go:125.6,125.11 1 1
github.com/rxjh-emu/server/cmd/gameserver/packet/v21_send.go:127.5,127.30 1 1
github.com/rxjh-emu/server/cmd/gameserver/packet/v21_send.go:128.6,128.18 1 1
github.com/rxjh-emu/server/cmd/gameserver/packet/v21_send.go:129.7,129.46 1 1
github.com/rxjh-emu/server/cmd/gameserver/packet/v21_send.go:130.8,131.13 2 1
github.com/rxjh-emu/server/cmd/gameserver/packet/v21_send.go:133.7,136.23 4 1
github.com/rxjh-emu/server/cmd/gameserver/packet/v21_send.go:138.7,139.1 1 1
github.com/rxjh-emu/server/cmd/gameserver/packet/v21_send.go:140.6,140.11 1 1
github.com/rxjh-emu/server/cmd/gameserver/packet/v21_send.go:142.5,142.10 1 1
github.com/rxjh-emu/server/cmd/gameserver/packet/v21_send.go:144.4,144.63 1 1
github.com/rxjh-emu/server/cmd/gameserver/packet/v21_send.go:145.5,148.1 3 1
github.com/rxjh-emu/server/cmd/gameserver/packet/v21_send.go:149.4,150.10 2 1
github.com/rxjh-emu/server/cmd/gameserver/packet/v21_send.go:152.3,152.11 1 1
github.com/rxjh-emu/server/cmd/gameserver/packet/v21_send.go:155.2,155.15 1 1
github.com/rxjh-emu/server/cmd/gameserver/packet/v21_send.go:156.3,157.1 1 1
github.com/rxjh-emu/server/cmd/gameserver/packet/v21_send.go:158.2,159.16 2 1
github.com/rxjh-emu/server/cmd/gameserver/packet/v21_send.go:160.3,162.1 2 1
github.com/rxjh-emu/server/cmd/gameserver/packet/v21_send.go:163.2,164.19 2 1
github.com/rxjh-emu/server/cmd/gameserver/packet/v21_send.go:165.3,166.1 1 1
github.com/rxjh-emu/server/cmd/gameserver/packet/v21_send.go:167.2,167.29 1 0
github.com/rxjh-emu/server/cmd/gameserver/packet/v21_send.go:175.2,176.1 15 1
github.com/rxjh-emu/server/cmd/gameserver/packet/v21_send.go:177.2,183.1 15 1
github.com/rxjh-emu/server/cmd/gameserver/packet/v21_send.go:184.2,192.1 15 1
github.com/rxjh-emu/server/cmd/gameserver/packet/v21_send.go:201.2,208.1 7 1
github.com/rxjh-emu/server/cmd/gameserver/packet/v21_send.go:218.2,219.1 1 0
github.com/rxjh-emu/server/cmd/gameserver/packet/v21_send.go:228.2,229.1 1 1
github.com/rxjh-emu/server/cmd/gameserver/packet/v21_send.go:236.2,239.1 3 1
github.com/rxjh-emu/server/cmd/gameserver/packet/v21_send.go:250.2,251.26 2 1
github.com/rxjh-emu/server/cmd/gameserver/packet/v21_send.go:252.3,253.1 1 1
github.com/rxjh-emu/server/cmd/gameserver/packet/v21_send.go:254.2,254.41 1 1
github.com/rxjh-emu/server/cmd/gameserver/packet/v21_send.go:260.2,263.1 3 1
github.com/rxjh-emu/server/cmd/gameserver/packet/v21_send.go:266.2,267.1 1 1
github.com/rxjh-emu/server/cmd/gameserver/packet/v21_shop.go:41.2,42.23 2 1
github.com/rxjh-emu/server/cmd/gameserver/packet/v21_shop.go:43.3,44.1 1 0
github.com/rxjh-emu/server/cmd/gameserver/packet/v21_shop.go:46.2,47.32 2 1
github.com/rxjh-emu/server/cmd/gameserver/packet/v21_shop.go:48.3,49.1 1 0
github.com/rxjh-emu/server/cmd/gameserver/packet/v21_shop.go:51.2,55.1 5 1
github.com/rxjh-emu/server/cmd/gameserver/packet/v21_shop.go:56.2,56.37 5 1
github.com/rxjh-emu/server/cmd/gameserver/packet/v21_shop.go:57.3,58.1 1 0
github.com/rxjh-emu/server/cmd/gameserver/packet/v21_shop.go:60.2,60.14 1 1
github.com/rxjh-emu/server/cmd/gameserver/packet/v21_shop.go:62.3,62.28 1 1
github.com/rxjh-emu/server/cmd/gameserver/packet/v21_shop.go:64.3,64.38 1 1
github.com/rxjh-emu/server/cmd/gameserver/packet/v21_shop.go:66.3,66.9 1 0
github.com/rxjh-emu/server/cmd/gameserver/packet/v21_shop.go:69.2,69.25 1 1
github.com/rxjh-emu/server/cmd/gameserver/packet/v21_shop.go:76.2,77.35 2 1
github.com/rxjh-emu/server/cmd/gameserver/packet/v21_shop.go:78.3,79.1 1 0
github.com/rxjh-emu/server/cmd/gameserver/packet/v21_shop.go:80.2,81.11 2 1
github.com/rxjh-emu/server/cmd/gameserver/packet/v21_shop.go:82.3,83.1 1 0
github.com/rxjh-emu/server/cmd/gameserver/packet/v21_shop.go:85.2,86.22 2 1
github.com/rxjh-emu/server/cmd/gameserver/packet/v21_shop.go:87.3,88.1 1 0
github.com/rxjh-emu/server/cmd/gameserver/packet/v21_shop.go:89.2,89.24 1 1
github.com/rxjh-emu/server/cmd/gameserver/packet/v21_shop.go:90.3,92.1 2 1
github.com/rxjh-emu/server/cmd/gameserver/packet/v21_shop.go:93.2,93.107 1 1
github.com/rxjh-emu/server/cmd/gameserver/packet/v21_shop.go:94.3,96.1 2 0
github.com/rxjh-emu/server/cmd/gameserver/packet/v21_shop.go:98.2,100.20 3 1
github.com/rxjh-emu/server/cmd/gameserver/packet/v21_shop.go:102.3,103.1 1 0
github.com/rxjh-emu/server/cmd/gameserver/packet/v21_shop.go:103.9,103.35 1 1
github.com/rxjh-emu/server/cmd/gameserver/packet/v21_shop.go:104.3,104.66 1 1
github.com/rxjh-emu/server/cmd/gameserver/packet/v21_shop.go:105.4,107.1 2 1
github.com/rxjh-emu/server/cmd/gameserver/packet/v21_shop.go:109.2,109.18 1 1
github.com/rxjh-emu/server/cmd/gameserver/packet/v21_shop.go:110.3,112.1 2 0
github.com/rxjh-emu/server/cmd/gameserver/packet/v21_shop.go:114.2,115.74 2 1
github.com/rxjh-emu/server/cmd/gameserver/packet/v21_shop.go:116.3,117.1 1 1
github.com/rxjh-emu/server/cmd/gameserver/packet/v21_shop.go:118.2,120.1 6 1
github.com/rxjh-emu/server/cmd/gameserver/packet/v21_shop.go:121.2,124.27 6 1
github.com/rxjh-emu/server/cmd/gameserver/packet/v21_shop.go:130.2,132.83 3 1
github.com/rxjh-emu/server/cmd/gameserver/packet/v21_shop.go:133.3,134.1 1 1
github.com/rxjh-emu/server/cmd/gameserver/packet/v21_shop.go:136.2,137.37 2 1
github.com/rxjh-emu/server/cmd/gameserver/packet/v21_shop.go:138.3,140.1 2 0
github.com/rxjh-emu/server/cmd/gameserver/packet/v21_shop.go:142.2,144.38 3 1
github.com/rxjh-emu/server/cmd/gameserver/packet/v21_shop.go:145.3,146.1 1 1
github.com/rxjh-emu/server/cmd/gameserver/packet/v21_shop.go:147.3,150.1 3 1
github.com/rxjh-emu/server/cmd/gameserver/packet/v21_shop.go:152.2,155.27 4 1
github.com/rxjh-emu/server/cmd/gameserver/packet/v21_shop.go:162.2,174.1 13 1
github.com/rxjh-emu/server/cmd/gameserver/packet/v21_shop.go:175.2,176.1 13 1
github.com/rxjh-emu/server/cmd/gameserver/packet/v21_shop.go:181.2,186.1 5 1
github.com/rxjh-emu/server/cmd/gameserver/packet/v21_skills.go:34.2,34.27 1 1
github.com/rxjh-emu/server/cmd/gameserver/packet/v21_skills.go:35.3,36.1 1 0
github.com/rxjh-emu/server/cmd/gameserver/packet/v21_skills.go:38.2,40.1 3 1
github.com/rxjh-emu/server/cmd/gameserver/packet/v21_skills.go:43.2,43.23 3 1
github.com/rxjh-emu/server/cmd/gameserver/packet/v21_skills.go:44.3,45.1 1 1
github.com/rxjh-emu/server/cmd/gameserver/packet/v21_skills.go:47.2,47.33 1 1
github.com/rxjh-emu/server/cmd/gameserver/packet/v21_skills.go:50.3,52.1 2 1
github.com/rxjh-emu/server/cmd/gameserver/packet/v21_skills.go:54.2,55.38 2 1
github.com/rxjh-emu/server/cmd/gameserver/packet/v21_skills.go:56.3,56.47 1 1
github.com/rxjh-emu/server/cmd/gameserver/packet/v21_skills.go:62.4,62.71 1 1
github.com/rxjh-emu/server/cmd/gameserver/packet/v21_skills.go:63.5,63.13 1 1
github.com/rxjh-emu/server/cmd/gameserver/packet/v21_skills.go:69.4,70.31 2 1
github.com/rxjh-emu/server/cmd/gameserver/packet/v21_skills.go:71.5,72.1 1 1
github.com/rxjh-emu/server/cmd/gameserver/packet/v21_skills.go:74.4,75.19 2 1
github.com/rxjh-emu/server/cmd/gameserver/packet/v21_skills.go:86.2,87.1 4 1
github.com/rxjh-emu/server/cmd/gameserver/packet/v21_skills.go:88.2,90.21 4 1
github.com/rxjh-emu/server/cmd/gameserver/packet/v21_skills.go:95.2,95.27 1 1
github.com/rxjh-emu/server/cmd/gameserver/packet/v21_skills.go:96.3,97.1 1 0
github.com/rxjh-emu/server/cmd/gameserver/packet/v21_skills.go:99.2,100.19 2 1
github.com/rxjh-emu/server/cmd/gameserver/packet/v21_skills.go:101.3,102.1 1 0
github.com/rxjh-emu/server/cmd/gameserver/packet/v21_skills.go:107.2,109.9 3 1
github.com/rxjh-emu/server/cmd/gameserver/packet/v21_skills.go:110.3,111.1 1 1
github.com/rxjh-emu/server/cmd/gameserver/packet/v21_skills.go:113.2,114.9 2 1
github.com/rxjh-emu/server/cmd/gameserver/packet/v21_skills.go:116.3,117.9 2 1
github.com/rxjh-emu/server/cmd/gameserver/packet/v21_skills.go:119.3,120.9 2 1
github.com/rxjh-emu/server/cmd/gameserver/packet/v21_skills.go:122.3,123.9 2 1
github.com/rxjh-emu/server/cmd/gameserver/packet/v21_skills.go:126.2,128.19 3 1
github.com/rxjh-emu/server/cmd/gameserver/packet/v21_skills.go:132.3,133.1 1 1
github.com/rxjh-emu/server/cmd/gameserver/packet/v21_skills.go:134.2,135.1 2 1
github.com/rxjh-emu/server/cmd/gameserver/packet/v21_skills.go:136.2,136.9 2 1
github.com/rxjh-emu/server/cmd/gameserver/packet/v21_skills.go:141.3,142.30 2 1
github.com/rxjh-emu/server/cmd/gameserver/packet/v21_skills.go:146.3,146.39 1 1
github.com/rxjh-emu/server/cmd/gameserver/packet/v21_skills.go:149.4,151.1 2 1
github.com/rxjh-emu/server/cmd/gameserver/packet/v21_skills.go:157.3,157.47 1 1
github.com/rxjh-emu/server/cmd/gameserver/packet/v21_skills.go:158.4,159.1 1 1
github.com/rxjh-emu/server/cmd/gameserver/packet/v21_skills.go:161.3,162.40 2 1
github.com/rxjh-emu/server/cmd/gameserver/packet/v21_skills.go:163.4,164.1 1 1
github.com/rxjh-emu/server/cmd/gameserver/packet/v21_skills.go:165.3,165.30 1 1
github.com/rxjh-emu/server/cmd/gameserver/packet/v21_skills.go:166.4,166.24 1 1
github.com/rxjh-emu/server/cmd/gameserver/packet/v21_skills.go:167.5,168.1 1 0
github.com/rxjh-emu/server/cmd/gameserver/packet/v21_skills.go:171.3,171.30 1 1
github.com/rxjh-emu/server/cmd/gameserver/packet/v21_skills.go:172.4,173.1 1 1
github.com/rxjh-emu/server/cmd/gameserver/packet/v21_skills.go:174.3,175.30 2 1
github.com/rxjh-emu/server/cmd/gameserver/packet/v21_skills.go:178.2,179.1 3 1
github.com/rxjh-emu/server/cmd/gameserver/packet/v21_skills.go:180.2,181.1 3 1
github.com/rxjh-emu/server/cmd/gameserver/packet/v21_skills.go:185.2,185.40 3 1
github.com/rxjh-emu/server/cmd/gameserver/packet/v21_skills.go:185.42,185.61 1 1
github.com/rxjh-emu/server/cmd/gameserver/packet/v21_skills.go:186.2,187.27 2 1
github.com/rxjh-emu/server/cmd/gameserver/packet/v21_skills.go:196.2,197.27 2 1
github.com/rxjh-emu/server/cmd/gameserver/packet/v21_skills.go:198.3,200.1 2 1
github.com/rxjh-emu/server/cmd/gameserver/packet/v21_skills.go:204.2,205.21 2 1
github.com/rxjh-emu/server/cmd/gameserver/packet/v21_skills.go:206.3,207.1 1 1
github.com/rxjh-emu/server/cmd/gameserver/packet/v21_skills.go:209.2,212.1 4 1
github.com/rxjh-emu/server/cmd/gameserver/packet/v21_skills.go:216.2,216.19 4 1
github.com/rxjh-emu/server/cmd/gameserver/packet/v21_skills.go:218.3,218.16 1 1
github.com/rxjh-emu/server/cmd/gameserver/packet/v21_skills.go:219.4,220.1 1 1
github.com/rxjh-emu/server/cmd/gameserver/packet/v21_skills.go:222.3,222.15 1 0
github.com/rxjh-emu/server/cmd/gameserver/packet/v21_skills.go:224.4,224.14 1 0
github.com/rxjh-emu/server/cmd/gameserver/packet/v21_skills.go:226.4,226.15 1 0
github.com/rxjh-emu/server/cmd/gameserver/packet/v21_skills.go:229.3,229.15 1 0
github.com/rxjh-emu/server/cmd/gameserver/packet/v21_skills.go:231.4,231.13 1 0
github.com/rxjh-emu/server/cmd/gameserver/packet/v21_skills.go:233.4,233.14 1 0
github.com/rxjh-emu/server/cmd/gameserver/packet/v21_skills.go:236.3,236.16 1 0
github.com/rxjh-emu/server/cmd/gameserver/packet/v21_skills.go:237.4,238.1 1 0
github.com/rxjh-emu/server/cmd/gameserver/packet/v21_skills.go:241.3,242.14 2 1
github.com/rxjh-emu/server/cmd/gameserver/packet/v21_skills.go:243.4,244.1 1 0
github.com/rxjh-emu/server/cmd/gameserver/packet/v21_skills.go:246.3,246.15 1 0
github.com/rxjh-emu/server/cmd/gameserver/packet/v21_skills.go:248.4,248.15 1 0
github.com/rxjh-emu/server/cmd/gameserver/packet/v21_skills.go:250.4,250.15 1 0
github.com/rxjh-emu/server/cmd/gameserver/packet/v21_skills.go:252.3,252.36 1 0
github.com/rxjh-emu/server/cmd/gameserver/packet/v21_skills.go:254.3,254.36 1 0
github.com/rxjh-emu/server/cmd/gameserver/packet/v21_skills.go:256.3,256.36 1 0
github.com/rxjh-emu/server/cmd/gameserver/packet/v21_skills.go:258.3,258.36 1 0
github.com/rxjh-emu/server/cmd/gameserver/packet/v21_skills.go:261.2,261.21 1 1
github.com/rxjh-emu/server/cmd/gameserver/packet/v21_skills.go:262.3,264.1 2 1
github.com/rxjh-emu/server/cmd/gameserver/packet/v21_skills.go:265.2,265.22 1 1
github.com/rxjh-emu/server/cmd/gameserver/packet/v21_skills.go:268.3,270.1 2 1
github.com/rxjh-emu/server/cmd/gameserver/packet/v21_skills.go:275.2,275.16 1 1
github.com/rxjh-emu/server/cmd/gameserver/packet/v21_skills.go:276.3,278.1 2 1
github.com/rxjh-emu/server/cmd/gameserver/packet/v21_skills.go:280.2,282.13 3 1
github.com/rxjh-emu/server/cmd/gameserver/packet/v21_skills.go:288.2,289.1 1 1
github.com/rxjh-emu/server/cmd/gameserver/packet/v21_skills.go:295.2,295.13 1 1
github.com/rxjh-emu/server/cmd/gameserver/packet/v21_skills.go:297.3,297.11 1 1
github.com/rxjh-emu/server/cmd/gameserver/packet/v21_skills.go:299.3,299.11 1 0
github.com/rxjh-emu/server/cmd/gameserver/packet/v21_skills.go:301.3,301.11 1 0
github.com/rxjh-emu/server/cmd/gameserver/packet/v21_skills.go:303.2,303.10 1 0
github.com/rxjh-emu/server/cmd/gameserver/packet/v21_skills.go:311.2,312.9 2 1
github.com/rxjh-emu/server/cmd/gameserver/packet/v21_skills.go:313.3,314.1 1 0
github.com/rxjh-emu/server/cmd/gameserver/packet/v21_skills.go:315.2,315.42 1 1
github.com/rxjh-emu/server/cmd/gameserver/packet/v21_skills.go:322.2,324.1 2 1
github.com/rxjh-emu/server/cmd/gameserver/packet/v21_skills.go:329.2,331.1 2 1
github.com/rxjh-emu/server/cmd/gameserver/packet/v21_skills.go:339.2,341.1 2 1
github.com/rxjh-emu/server/cmd/gameserver/packet/v21_skills.go:348.2,351.1 3 1
github.com/rxjh-emu/server/cmd/gameserver/packet/v21_skills.go:360.2,360.27 1 1
github.com/rxjh-emu/server/cmd/gameserver/packet/v21_skills.go:361.3,362.1 1 0
github.com/rxjh-emu/server/cmd/gameserver/packet/v21_skills.go:364.2,365.19 2 1
github.com/rxjh-emu/server/cmd/gameserver/packet/v21_skills.go:366.3,367.1 1 0
github.com/rxjh-emu/server/cmd/gameserver/packet/v21_skills.go:369.2,371.48 3 1
github.com/rxjh-emu/server/cmd/gameserver/packet/v21_skills.go:372.3,373.1 1 1
github.com/rxjh-emu/server/cmd/gameserver/packet/v21_skills.go:375.2,376.1 2 1
github.com/rxjh-emu/server/cmd/gameserver/packet/v21_skills.go:378.2,379.56 2 1
github.com/rxjh-emu/server/cmd/gameserver/packet/v21_skills.go:380.3,381.1 1 1
github.com/rxjh-emu/server/cmd/gameserver/packet/v21_skills.go:382.2,382.57 1 1
github.com/rxjh-emu/server/cmd/gameserver/packet/v21_skills.go:383.3,384.1 1 1
github.com/rxjh-emu/server/cmd/gameserver/packet/v21_skills.go:386.2,388.48 3 1
github.com/rxjh-emu/server/cmd/gameserver/packet/v21_skills.go:389.3,392.1 3 1
github.com/rxjh-emu/server/cmd/gameserver/packet/v21_skills.go:393.2,393.17 1 1
github.com/rxjh-emu/server/cmd/gameserver/packet/v21_skills.go:394.3,396.1 3 1
github.com/rxjh-emu/server/cmd/gameserver/packet/v21_skills.go:399.3,399.16 3 1
github.com/rxjh-emu/server/cmd/gameserver/packet/v21_skills.go:399.18,399.56 1 1
github.com/rxjh-emu/server/cmd/gameserver/packet/v21_skills.go:402.2,403.20 2 1
github.com/rxjh-emu/server/cmd/gameserver/packet/v21_skills.go:404.3,406.1 2 1
github.com/rxjh-emu/server/cmd/gameserver/packet/v21_skills.go:408.2,408.26 1 1
github.com/rxjh-emu/server/cmd/gameserver/packet/v21_skills.go:409.3,411.1 2 1
github.com/rxjh-emu/server/cmd/gameserver/packet/v21_skills.go:412.2,412.36 1 1
github.com/rxjh-emu/server/cmd/gameserver/packet/v21_skills.go:413.3,415.1 2 1
github.com/rxjh-emu/server/cmd/gameserver/packet/v21_skills.go:417.2,421.1 6 1
github.com/rxjh-emu/server/cmd/gameserver/packet/v21_skills.go:422.2,423.40 6 1
github.com/rxjh-emu/server/cmd/gameserver/packet/v21_skills.go:423.42,423.61 1 1
github.com/rxjh-emu/server/cmd/gameserver/packet/v21_skills.go:424.2,424.28 1 1
github.com/rxjh-emu/server/cmd/gameserver/packet/v21_stall.go:47.2,48.22 2 1
github.com/rxjh-emu/server/cmd/gameserver/packet/v21_stall.go:49.3,50.1 1 0
github.com/rxjh-emu/server/cmd/gameserver/packet/v21_stall.go:52.2,53.33 2 1
github.com/rxjh-emu/server/cmd/gameserver/packet/v21_stall.go:54.3,55.1 1 0
github.com/rxjh-emu/server/cmd/gameserver/packet/v21_stall.go:56.2,56.41 1 1
github.com/rxjh-emu/server/cmd/gameserver/packet/v21_stall.go:57.3,59.1 2 1
github.com/rxjh-emu/server/cmd/gameserver/packet/v21_stall.go:61.2,61.20 1 1
github.com/rxjh-emu/server/cmd/gameserver/packet/v21_stall.go:63.3,63.25 1 1
github.com/rxjh-emu/server/cmd/gameserver/packet/v21_stall.go:65.3,65.24 1 1
github.com/rxjh-emu/server/cmd/gameserver/packet/v21_stall.go:67.3,67.17 1 1
github.com/rxjh-emu/server/cmd/gameserver/packet/v21_stall.go:69.3,69.17 1 0
github.com/rxjh-emu/server/cmd/gameserver/packet/v21_stall.go:77.2,78.56 2 1
github.com/rxjh-emu/server/cmd/gameserver/packet/v21_stall.go:79.3,80.1 1 0
github.com/rxjh-emu/server/cmd/gameserver/packet/v21_stall.go:81.2,81.22 1 1
github.com/rxjh-emu/server/cmd/gameserver/packet/v21_stall.go:82.3,83.1 1 0
github.com/rxjh-emu/server/cmd/gameserver/packet/v21_stall.go:85.2,86.28 2 1
github.com/rxjh-emu/server/cmd/gameserver/packet/v21_stall.go:87.3,90.1 3 0
github.com/rxjh-emu/server/cmd/gameserver/packet/v21_stall.go:91.2,91.30 1 1
github.com/rxjh-emu/server/cmd/gameserver/packet/v21_stall.go:92.3,93.1 1 0
github.com/rxjh-emu/server/cmd/gameserver/packet/v21_stall.go:95.2,97.31 3 1
github.com/rxjh-emu/server/cmd/gameserver/packet/v21_stall.go:98.3,99.1 1 1
github.com/rxjh-emu/server/cmd/gameserver/packet/v21_stall.go:100.2,100.33 1 1
github.com/rxjh-emu/server/cmd/gameserver/packet/v21_stall.go:107.2,108.1 2 1
github.com/rxjh-emu/server/cmd/gameserver/packet/v21_stall.go:110.2,110.31 2 1
github.com/rxjh-emu/server/cmd/gameserver/packet/v21_stall.go:111.3,112.1 1 0
github.com/rxjh-emu/server/cmd/gameserver/packet/v21_stall.go:113.2,113.23 1 1
github.com/rxjh-emu/server/cmd/gameserver/packet/v21_stall.go:114.3,115.1 1 0
github.com/rxjh-emu/server/cmd/gameserver/packet/v21_stall.go:117.2,120.33 4 1
github.com/rxjh-emu/server/cmd/gameserver/packet/v21_stall.go:121.3,122.1 1 0
github.com/rxjh-emu/server/cmd/gameserver/packet/v21_stall.go:124.2,127.79 3 1
github.com/rxjh-emu/server/cmd/gameserver/packet/v21_stall.go:128.3,130.1 2 0
github.com/rxjh-emu/server/cmd/gameserver/packet/v21_stall.go:132.2,134.1 3 1
github.com/rxjh-emu/server/cmd/gameserver/packet/v21_stall.go:136.2,137.46 3 1
github.com/rxjh-emu/server/cmd/gameserver/packet/v21_stall.go:138.3,149.1 11 1
github.com/rxjh-emu/server/cmd/gameserver/packet/v21_stall.go:156.2,158.1 6 1
github.com/rxjh-emu/server/cmd/gameserver/packet/v21_stall.go:159.2,163.1 6 1
github.com/rxjh-emu/server/cmd/gameserver/packet/v21_stall.go:168.2,169.1 3 1
github.com/rxjh-emu/server/cmd/gameserver/packet/v21_stall.go:170.2,171.52 3 1
github.com/rxjh-emu/server/cmd/gameserver/packet/v21_stall.go:172.3,173.1 1 1
github.com/rxjh-emu/server/cmd/gameserver/packet/v21_stall.go:174.2,177.1 9 1
github.com/rxjh-emu/server/cmd/gameserver/packet/v21_stall.go:178.2,183.30 9 1
github.com/rxjh-emu/server/cmd/gameserver/packet/v21_stall.go:189.2,190.22 2 1
github.com/rxjh-emu/server/cmd/gameserver/packet/v21_stall.go:191.3,192.1 1 0
github.com/rxjh-emu/server/cmd/gameserver/packet/v21_stall.go:194.2,195.9 2 1
github.com/rxjh-emu/server/cmd/gameserver/packet/v21_stall.go:196.3,197.1 1 0
github.com/rxjh-emu/server/cmd/gameserver/packet/v21_stall.go:198.2,200.1 3 1
github.com/rxjh-emu/server/cmd/gameserver/packet/v21_stall.go:201.2,201.16 3 1
github.com/rxjh-emu/server/cmd/gameserver/packet/v21_stall.go:203.3,203.26 1 1
github.com/rxjh-emu/server/cmd/gameserver/packet/v21_stall.go:205.3,205.33 1 1
github.com/rxjh-emu/server/cmd/gameserver/packet/v21_stall.go:207.3,207.26 1 0
github.com/rxjh-emu/server/cmd/gameserver/packet/v21_stall.go:215.2,216.56 2 1
github.com/rxjh-emu/server/cmd/gameserver/packet/v21_stall.go:217.3,218.1 1 0
github.com/rxjh-emu/server/cmd/gameserver/packet/v21_stall.go:219.2,220.18 2 1
github.com/rxjh-emu/server/cmd/gameserver/packet/v21_stall.go:221.3,222.1 1 0
github.com/rxjh-emu/server/cmd/gameserver/packet/v21_stall.go:223.2,223.65 1 1
github.com/rxjh-emu/server/cmd/gameserver/packet/v21_stall.go:224.3,226.1 2 0
github.com/rxjh-emu/server/cmd/gameserver/packet/v21_stall.go:227.2,227.26 1 1
github.com/rxjh-emu/server/cmd/gameserver/packet/v21_stall.go:228.3,230.1 2 0
github.com/rxjh-emu/server/cmd/gameserver/packet/v21_stall.go:234.2,236.1 9 1
github.com/rxjh-emu/server/cmd/gameserver/packet/v21_stall.go:237.2,239.1 9 1
github.com/rxjh-emu/server/cmd/gameserver/packet/v21_stall.go:240.2,244.33 9 1
github.com/rxjh-emu/server/cmd/gameserver/packet/v21_stall.go:251.2,252.36 2 1
github.com/rxjh-emu/server/cmd/gameserver/packet/v21_stall.go:253.3,254.1 1 0
github.com/rxjh-emu/server/cmd/gameserver/packet/v21_stall.go:255.2,255.18 1 1
github.com/rxjh-emu/server/cmd/gameserver/packet/v21_stall.go:256.3,258.1 2 0
github.com/rxjh-emu/server/cmd/gameserver/packet/v21_stall.go:260.2,261.43 2 1
github.com/rxjh-emu/server/cmd/gameserver/packet/v21_stall.go:262.3,264.1 2 0
github.com/rxjh-emu/server/cmd/gameserver/packet/v21_stall.go:266.2,269.1 6 1
github.com/rxjh-emu/server/cmd/gameserver/packet/v21_stall.go:270.2,272.77 6 1
github.com/rxjh-emu/server/cmd/gameserver/packet/v21_stall.go:273.3,273.20 1 0
github.com/rxjh-emu/server/cmd/gameserver/packet/v21_stall.go:274.4,275.1 1 0
github.com/rxjh-emu/server/cmd/gameserver/packet/v21_stall.go:276.3,277.9 2 0
github.com/rxjh-emu/server/cmd/gameserver/packet/v21_stall.go:280.2,282.55 3 1
github.com/rxjh-emu/server/cmd/gameserver/packet/v21_stall.go:283.3,285.1 2 0
github.com/rxjh-emu/server/cmd/gameserver/packet/v21_stall.go:287.2,288.23 2 1
github.com/rxjh-emu/server/cmd/gameserver/packet/v21_stall.go:289.3,292.1 3 0
github.com/rxjh-emu/server/cmd/gameserver/packet/v21_stall.go:296.2,297.9 2 1
github.com/rxjh-emu/server/cmd/gameserver/packet/v21_stall.go:298.3,300.1 2 0
github.com/rxjh-emu/server/cmd/gameserver/packet/v21_stall.go:301.2,301.42 1 1
github.com/rxjh-emu/server/cmd/gameserver/packet/v21_stall.go:302.3,304.1 2 0
github.com/rxjh-emu/server/cmd/gameserver/packet/v21_stall.go:305.2,306.20 2 1
github.com/rxjh-emu/server/cmd/gameserver/packet/v21_stall.go:307.3,308.1 1 1
github.com/rxjh-emu/server/cmd/gameserver/packet/v21_stall.go:309.3,312.1 3 1
github.com/rxjh-emu/server/cmd/gameserver/packet/v21_stall.go:314.2,316.1 12 1
github.com/rxjh-emu/server/cmd/gameserver/packet/v21_stall.go:318.2,327.1 12 1
github.com/rxjh-emu/server/cmd/gameserver/packet/v21_stall.go:328.2,328.34 12 1
github.com/rxjh-emu/server/cmd/gameserver/packet/v21_stall.go:329.3,330.33 2 1
github.com/rxjh-emu/server/cmd/gameserver/packet/v21_stall.go:331.4,332.1 1 1
github.com/rxjh-emu/server/cmd/gameserver/packet/v21_stall.go:334.3,337.1 1 1
github.com/rxjh-emu/server/cmd/gameserver/packet/v21_stall.go:344.2,345.36 2 0
github.com/rxjh-emu/server/cmd/gameserver/packet/v21_stall.go:346.3,347.1 1 0
github.com/rxjh-emu/server/cmd/gameserver/packet/v21_stall.go:348.2,349.71 2 0
github.com/rxjh-emu/server/cmd/gameserver/packet/v21_stall.go:350.3,353.1 3 0
github.com/rxjh-emu/server/cmd/gameserver/packet/v21_stall.go:355.2,357.31 3 0
github.com/rxjh-emu/server/cmd/gameserver/packet/v21_stall.go:363.2,365.1 2 1
github.com/rxjh-emu/server/cmd/gameserver/packet/v21_stall.go:369.2,369.44 1 1
github.com/rxjh-emu/server/cmd/gameserver/packet/v21_stall.go:370.3,383.1 13 1
github.com/rxjh-emu/server/cmd/gameserver/packet/v21_stall.go:389.2,392.1 4 1
github.com/rxjh-emu/server/cmd/gameserver/packet/v21_stall.go:393.2,393.44 4 1
github.com/rxjh-emu/server/cmd/gameserver/packet/v21_stall.go:394.3,400.44 7 1
github.com/rxjh-emu/server/cmd/gameserver/packet/v21_stall.go:401.4,410.1 9 1
github.com/rxjh-emu/server/cmd/gameserver/packet/v21_stall.go:417.2,438.1 21 1
github.com/rxjh-emu/server/cmd/gameserver/packet/v21_stall.go:444.2,447.1 11 1
github.com/rxjh-emu/server/cmd/gameserver/packet/v21_stall.go:448.2,456.1 11 1
github.com/rxjh-emu/server/cmd/gameserver/packet/v21_stall.go:461.2,461.53 1 1
github.com/rxjh-emu/server/cmd/gameserver/packet/v21_stall.go:462.3,462.24 1 0
github.com/rxjh-emu/server/cmd/gameserver/packet/v21_stall.go:463.4,464.1 1 0
github.com/rxjh-emu/server/cmd/gameserver/packet/v21_stall.go:470.2,471.1 1 1
github.com/rxjh-emu/server/cmd/gameserver/packet/v21_stall.go:475.2,479.1 4 1
github.com/rxjh-emu/server/cmd/gameserver/packet/v21_stall.go:484.2,489.1 5 1
github.com/rxjh-emu/server/cmd/gameserver/packet/v21_stall.go:494.2,498.1 4 1
github.com/rxjh-emu/server/cmd/gameserver/packet/v21_sudo.go:26.2,26.30 1 1
github.com/rxjh-emu/server/cmd/gameserver/packet/v21_sudo.go:31.3,33.1 2 1
github.com/rxjh-emu/server/cmd/gameserver/packet/v21_sudo.go:34.2,34.26 1 1
github.com/rxjh-emu/server/cmd/gameserver/packet/v21_sudo.go:38.2,39.1 1 1
github.com/rxjh-emu/server/cmd/gameserver/packet/v21_sudo.go:54.2,57.23 2 1
github.com/rxjh-emu/server/cmd/gameserver/packet/v21_sudo.go:58.3,62.1 4 1
github.com/rxjh-emu/server/cmd/gameserver/packet/v21_sudo.go:63.2,63.29 1 0
github.com/rxjh-emu/server/cmd/gameserver/packet/v21_sudo.go:70.2,70.16 1 1
github.com/rxjh-emu/server/cmd/gameserver/packet/v21_sudo.go:74.3,77.1 3 1
github.com/rxjh-emu/server/cmd/gameserver/packet/v21_sudo.go:78.2,79.26 2 1
github.com/rxjh-emu/server/cmd/gameserver/packet/v21_sudo.go:123.2,125.1 4 1
github.com/rxjh-emu/server/cmd/gameserver/packet/v21_sudo.go:126.2,127.25 4 1
github.com/rxjh-emu/server/cmd/gameserver/packet/v21_sudo.go:128.3,132.1 5 1
github.com/rxjh-emu/server/cmd/gameserver/packet/v21_sudo.go:133.3,133.71 5 1
github.com/rxjh-emu/server/cmd/gameserver/packet/v21_sudo.go:134.4,136.1 2 1
github.com/rxjh-emu/server/cmd/gameserver/packet/v21_sudo.go:137.4,139.1 2 1
github.com/rxjh-emu/server/cmd/gameserver/packet/v21_sudo.go:141.2,144.15 4 1
github.com/rxjh-emu/server/cmd/gameserver/packet/v21_sudo.go:153.2,155.1 5 1
github.com/rxjh-emu/server/cmd/gameserver/packet/v21_sudo.go:156.2,158.54 5 1
github.com/rxjh-emu/server/cmd/gameserver/packet/v21_sudo.go:159.3,160.1 1 1
github.com/rxjh-emu/server/cmd/gameserver/packet/v21_sudo.go:161.3,162.1 1 1
github.com/rxjh-emu/server/cmd/gameserver/packet/v21_sudo.go:163.2,170.15 8 1
github.com/rxjh-emu/server/cmd/gameserver/packet/v21_sudo.go:191.2,192.23 2 1
github.com/rxjh-emu/server/cmd/gameserver/packet/v21_sudo.go:193.3,195.1 2 1
github.com/rxjh-emu/server/cmd/gameserver/packet/v21_sudo.go:196.2,196.25 1 1
github.com/rxjh-emu/server/cmd/gameserver/packet/v21_sudo.go:197.3,197.36 1 1
github.com/rxjh-emu/server/cmd/gameserver/packet/v21_sudo.go:198.4,199.1 1 1
github.com/rxjh-emu/server/cmd/gameserver/packet/v21_sudoaccept.go:114.2,120.23 2 1
github.com/rxjh-emu/server/cmd/gameserver/packet/v21_sudoaccept.go:121.3,122.1 1 1
github.com/rxjh-emu/server/cmd/gameserver/packet/v21_sudoaccept.go:123.2,123.22 1 0
github.com/rxjh-emu/server/cmd/gameserver/packet/v21_sudoaccept.go:134.2,135.22 2 1
github.com/rxjh-emu/server/cmd/gameserver/packet/v21_sudoaccept.go:136.3,137.1 1 1
github.com/rxjh-emu/server/cmd/gameserver/packet/v21_sudoaccept.go:138.2,139.1 3 1
github.com/rxjh-emu/server/cmd/gameserver/packet/v21_sudoaccept.go:144.2,145.20 3 1
github.com/rxjh-emu/server/cmd/gameserver/packet/v21_sudoaccept.go:146.3,147.1 1 1
github.com/rxjh-emu/server/cmd/gameserver/packet/v21_sudoaccept.go:149.2,149.32 1 1
github.com/rxjh-emu/server/cmd/gameserver/packet/v21_sudoaccept.go:157.3,160.1 3 1
github.com/rxjh-emu/server/cmd/gameserver/packet/v21_sudoaccept.go:162.2,162.14 1 1
github.com/rxjh-emu/server/cmd/gameserver/packet/v21_sudoaccept.go:164.3,164.48 1 1
github.com/rxjh-emu/server/cmd/gameserver/packet/v21_sudoaccept.go:166.3,166.44 1 1
github.com/rxjh-emu/server/cmd/gameserver/packet/v21_sudoaccept.go:174.2,174.16 1 1
github.com/rxjh-emu/server/cmd/gameserver/packet/v21_sudoaccept.go:179.3,183.62 5 0
github.com/rxjh-emu/server/cmd/gameserver/packet/v21_sudoaccept.go:185.3,185.39 1 1
github.com/rxjh-emu/server/cmd/gameserver/packet/v21_sudoaccept.go:202.2,203.11 2 1
github.com/rxjh-emu/server/cmd/gameserver/packet/v21_sudoaccept.go:204.3,205.1 1 1
github.com/rxjh-emu/server/cmd/gameserver/packet/v21_sudoaccept.go:206.2,209.1 5 1
github.com/rxjh-emu/server/cmd/gameserver/packet/v21_sudoaccept.go:210.2,211.16 5 1
github.com/rxjh-emu/server/cmd/gameserver/packet/v21_sudoaccept.go:212.3,214.1 2 1
github.com/rxjh-emu/server/cmd/gameserver/packet/v21_sudoaccept.go:215.2,215.11 1 1
github.com/rxjh-emu/server/cmd/gameserver/packet/v21_sudoaccept.go:216.3,217.1 1 1
github.com/rxjh-emu/server/cmd/gameserver/packet/v21_sudoaccept.go:224.2,230.1 12 0
github.com/rxjh-emu/server/cmd/gameserver/packet/v21_sudoaccept.go:236.2,241.31 12 0
github.com/rxjh-emu/server/cmd/gameserver/packet/v21_sudoaccept.go:249.2,249.16 1 1
github.com/rxjh-emu/server/cmd/gameserver/packet/v21_sudoaccept.go:251.3,255.58 5 0
github.com/rxjh-emu/server/cmd/gameserver/packet/v21_sudoaccept.go:257.3,257.35 1 1
github.com/rxjh-emu/server/cmd/gameserver/packet/v21_sudoaccept.go:275.2,276.11 2 1
github.com/rxjh-emu/server/cmd/gameserver/packet/v21_sudoaccept.go:277.3,278.1 1 1
github.com/rxjh-emu/server/cmd/gameserver/packet/v21_sudoaccept.go:279.2,282.1 5 1
github.com/rxjh-emu/server/cmd/gameserver/packet/v21_sudoaccept.go:283.2,284.16 5 1
github.com/rxjh-emu/server/cmd/gameserver/packet/v21_sudoaccept.go:285.3,287.1 2 1
github.com/rxjh-emu/server/cmd/gameserver/packet/v21_sudoaccept.go:288.2,288.11 1 1
github.com/rxjh-emu/server/cmd/gameserver/packet/v21_sudoaccept.go:289.3,290.1 1 1
github.com/rxjh-emu/server/cmd/gameserver/packet/v21_sudoaccept.go:295.2,301.1 13 0
github.com/rxjh-emu/server/cmd/gameserver/packet/v21_sudoaccept.go:302.2,308.31 13 0
github.com/rxjh-emu/server/cmd/gameserver/packet/v21_sudoaccept.go:319.2,320.22 2 1
github.com/rxjh-emu/server/cmd/gameserver/packet/v21_sudoaccept.go:321.3,322.1 1 1
github.com/rxjh-emu/server/cmd/gameserver/packet/v21_sudoaccept.go:323.2,324.1 3 1
github.com/rxjh-emu/server/cmd/gameserver/packet/v21_sudoaccept.go:325.2,326.20 3 1
github.com/rxjh-emu/server/cmd/gameserver/packet/v21_sudoaccept.go:327.3,328.1 1 1
github.com/rxjh-emu/server/cmd/gameserver/packet/v21_sudoaccept.go:330.2,331.14 2 1
github.com/rxjh-emu/server/cmd/gameserver/packet/v21_sudoaccept.go:333.3,333.18 1 1
github.com/rxjh-emu/server/cmd/gameserver/packet/v21_sudoaccept.go:335.4,337.1 2 1
github.com/rxjh-emu/server/cmd/gameserver/packet/v21_sudoaccept.go:339.3,339.18 1 1
github.com/rxjh-emu/server/cmd/gameserver/packet/v21_sudoaccept.go:342.4,344.1 2 1
github.com/rxjh-emu/server/cmd/gameserver/packet/v21_sudoaccept.go:357.2,357.60 1 1
github.com/rxjh-emu/server/cmd/gameserver/packet/v21_sudoaccept.go:358.3,361.1 3 1
github.com/rxjh-emu/server/cmd/gameserver/packet/v21_sudoaccept.go:375.2,380.1 5 1
github.com/rxjh-emu/server/cmd/gameserver/packet/v21_sudodismiss.go:61.2,62.1 3 1
github.com/rxjh-emu/server/cmd/gameserver/packet/v21_sudodismiss.go:69.2,70.19 3 1
github.com/rxjh-emu/server/cmd/gameserver/packet/v21_sudodismiss.go:71.3,72.1 1 1
github.com/rxjh-emu/server/cmd/gameserver/packet/v21_sudodismiss.go:73.2,74.11 2 1
github.com/rxjh-emu/server/cmd/gameserver/packet/v21_sudodismiss.go:75.3,76.1 1 1
github.com/rxjh-emu/server/cmd/gameserver/packet/v21_sudodismiss.go:77.2,78.1 2 1
github.com/rxjh-emu/server/cmd/gameserver/packet/v21_sudodismiss.go:79.2,79.20 2 1
github.com/rxjh-emu/server/cmd/gameserver/packet/v21_sudodismiss.go:81.3,81.43 1 1
github.com/rxjh-emu/server/cmd/gameserver/packet/v21_sudodismiss.go:83.3,83.39 1 1
github.com/rxjh-emu/server/cmd/gameserver/packet/v21_sudodismiss.go:98.2,102.23 2 1
github.com/rxjh-emu/server/cmd/gameserver/packet/v21_sudodismiss.go:103.3,104.1 1 1
github.com/rxjh-emu/server/cmd/gameserver/packet/v21_sudodismiss.go:105.2,105.22 1 0
github.com/rxjh-emu/server/cmd/gameserver/packet/v21_sudodismiss.go:114.2,115.1 3 1
github.com/rxjh-emu/server/cmd/gameserver/packet/v21_sudodismiss.go:120.2,121.16 3 1
github.com/rxjh-emu/server/cmd/gameserver/packet/v21_sudodismiss.go:122.3,124.1 2 1
github.com/rxjh-emu/server/cmd/gameserver/packet/v21_sudodismiss.go:125.2,125.11 1 1
github.com/rxjh-emu/server/cmd/gameserver/packet/v21_sudodismiss.go:126.3,127.1 1 1
github.com/rxjh-emu/server/cmd/gameserver/packet/v21_sudodismiss.go:129.2,131.1 4 1
github.com/rxjh-emu/server/cmd/gameserver/packet/v21_sudodismiss.go:135.2,136.24 4 1
github.com/rxjh-emu/server/cmd/gameserver/packet/v21_sudodismiss.go:137.3,138.1 1 1
github.com/rxjh-emu/server/cmd/gameserver/packet/v21_sudodismiss.go:154.2,156.25 3 1
github.com/rxjh-emu/server/cmd/gameserver/packet/v21_sudodismiss.go:157.3,157.42 1 1
github.com/rxjh-emu/server/cmd/gameserver/packet/v21_sudodismiss.go:158.4,159.9 2 0
github.com/rxjh-emu/server/cmd/gameserver/packet/v21_sudodismiss.go:162.2,163.91 2 1
github.com/rxjh-emu/server/cmd/gameserver/packet/v21_sudodismiss.go:171.2,173.1 4 1
github.com/rxjh-emu/server/cmd/gameserver/packet/v21_sudodismiss.go:179.2,180.25 4 1
github.com/rxjh-emu/server/cmd/gameserver/packet/v21_sudodismiss.go:181.3,181.43 1 1
github.com/rxjh-emu/server/cmd/gameserver/packet/v21_sudodismiss.go:182.4,183.9 2 1
github.com/rxjh-emu/server/cmd/gameserver/packet/v21_sudodismiss.go:187.2,188.16 2 1
github.com/rxjh-emu/server/cmd/gameserver/packet/v21_sudodismiss.go:189.3,191.1 2 0
github.com/rxjh-emu/server/cmd/gameserver/packet/v21_sudodismiss.go:192.2,192.11 1 1
github.com/rxjh-emu/server/cmd/gameserver/packet/v21_sudodismiss.go:193.3,194.1 1 1
github.com/rxjh-emu/server/cmd/gameserver/packet/v21_sudodismiss.go:196.2,198.1 4 1
github.com/rxjh-emu/server/cmd/gameserver/packet/v21_sudodismiss.go:202.2,203.24 4 1
github.com/rxjh-emu/server/cmd/gameserver/packet/v21_sudodismiss.go:204.3,205.1 1 1
github.com/rxjh-emu/server/cmd/gameserver/packet/v21_sudodismiss.go:206.2,207.91 2 1
github.com/rxjh-emu/server/cmd/gameserver/packet/v21_sudodismiss.go:232.2,237.1 5 1
github.com/rxjh-emu/server/cmd/gameserver/packet/v21_sudoinvite.go:74.2,75.1 3 1
github.com/rxjh-emu/server/cmd/gameserver/packet/v21_sudoinvite.go:85.2,86.19 3 1
github.com/rxjh-emu/server/cmd/gameserver/packet/v21_sudoinvite.go:87.3,88.1 1 1
github.com/rxjh-emu/server/cmd/gameserver/packet/v21_sudoinvite.go:89.2,90.11 2 1
github.com/rxjh-emu/server/cmd/gameserver/packet/v21_sudoinvite.go:91.3,92.1 1 1
github.com/rxjh-emu/server/cmd/gameserver/packet/v21_sudoinvite.go:93.2,94.1 2 1
github.com/rxjh-emu/server/cmd/gameserver/packet/v21_sudoinvite.go:95.2,95.20 2 1
github.com/rxjh-emu/server/cmd/gameserver/packet/v21_sudoinvite.go:97.3,97.41 1 1
github.com/rxjh-emu/server/cmd/gameserver/packet/v21_sudoinvite.go:99.3,99.36 1 1
github.com/rxjh-emu/server/cmd/gameserver/packet/v21_sudoinvite.go:112.2,112.20 1 1
github.com/rxjh-emu/server/cmd/gameserver/packet/v21_sudoinvite.go:113.3,114.1 1 1
github.com/rxjh-emu/server/cmd/gameserver/packet/v21_sudoinvite.go:115.2,116.31 2 1
github.com/rxjh-emu/server/cmd/gameserver/packet/v21_sudoinvite.go:117.3,118.1 1 1
github.com/rxjh-emu/server/cmd/gameserver/packet/v21_sudoinvite.go:119.2,119.14 1 1
github.com/rxjh-emu/server/cmd/gameserver/packet/v21_sudoinvite.go:120.3,121.1 1 1
github.com/rxjh-emu/server/cmd/gameserver/packet/v21_sudoinvite.go:122.2,122.100 1 1
github.com/rxjh-emu/server/cmd/gameserver/packet/v21_sudoinvite.go:144.2,149.1 5 1
github.com/rxjh-emu/server/cmd/gameserver/packet/v21_sudoinvite.go:160.2,161.1 2 1
github.com/rxjh-emu/server/cmd/gameserver/packet/v21_sudoinvite.go:162.2,162.36 2 1
github.com/rxjh-emu/server/cmd/gameserver/packet/v21_sudoinvite.go:163.3,165.1 2 1
github.com/rxjh-emu/server/cmd/gameserver/packet/v21_sudoinvite.go:166.2,166.24 1 1
github.com/rxjh-emu/server/cmd/gameserver/packet/v21_sudoinvite.go:167.3,169.1 2 1
github.com/rxjh-emu/server/cmd/gameserver/packet/v21_sudoinvite.go:175.2,176.19 2 1
github.com/rxjh-emu/server/cmd/gameserver/packet/v21_sudoinvite.go:177.3,179.1 2 1
github.com/rxjh-emu/server/cmd/gameserver/packet/v21_sudoinvite.go:181.2,181.35 1 1
github.com/rxjh-emu/server/cmd/gameserver/packet/v21_sudoinvite.go:182.3,184.1 2 1
github.com/rxjh-emu/server/cmd/gameserver/packet/v21_sudoinvite.go:185.2,185.62 1 1
github.com/rxjh-emu/server/cmd/gameserver/packet/v21_sudoinvite.go:188.3,190.1 2 1
github.com/rxjh-emu/server/cmd/gameserver/packet/v21_sudoinvite.go:191.2,191.40 1 1
github.com/rxjh-emu/server/cmd/gameserver/packet/v21_sudoinvite.go:192.3,194.1 2 1
github.com/rxjh-emu/server/cmd/gameserver/packet/v21_sudoinvite.go:196.2,196.81 1 1
github.com/rxjh-emu/server/cmd/gameserver/packet/v21_sudoinvite.go:199.3,201.1 2 1
github.com/rxjh-emu/server/cmd/gameserver/packet/v21_sudoinvite.go:203.2,203.71 1 1
github.com/rxjh-emu/server/cmd/gameserver/packet/v21_sudoinvite.go:204.3,206.1 2 1
github.com/rxjh-emu/server/cmd/gameserver/packet/v21_sudoinvite.go:208.2,208.100 1 1
github.com/rxjh-emu/server/cmd/gameserver/packet/v21_sudoinvite.go:209.3,211.1 2 1
github.com/rxjh-emu/server/cmd/gameserver/packet/v21_sudoinvite.go:213.2,213.59 1 1
github.com/rxjh-emu/server/cmd/gameserver/packet/v21_sudoinvite.go:214.3,216.1 2 1
github.com/rxjh-emu/server/cmd/gameserver/packet/v21_sudoinvite.go:223.2,225.1 4 1
github.com/rxjh-emu/server/cmd/gameserver/packet/v21_sudoinvite.go:226.2,227.62 4 1
github.com/rxjh-emu/server/cmd/gameserver/packet/v21_sudoinvite.go:237.2,239.1 3 1
github.com/rxjh-emu/server/cmd/gameserver/packet/v21_sudoinvite.go:240.2,240.23 3 1
github.com/rxjh-emu/server/cmd/gameserver/packet/v21_sudoinvite.go:246.3,247.1 1 1
github.com/rxjh-emu/server/cmd/gameserver/packet/v21_sudoinvite.go:249.2,249.50 1 1
github.com/rxjh-emu/server/cmd/gameserver/packet/v21_sudoinvite.go:250.3,252.1 2 1
github.com/rxjh-emu/server/cmd/gameserver/packet/v21_sudoinvite.go:253.2,253.24 1 1
github.com/rxjh-emu/server/cmd/gameserver/packet/v21_sudoinvite.go:254.3,256.1 2 1
github.com/rxjh-emu/server/cmd/gameserver/packet/v21_sudoinvite.go:258.2,259.19 2 1
github.com/rxjh-emu/server/cmd/gameserver/packet/v21_sudoinvite.go:260.3,262.1 2 1
github.com/rxjh-emu/server/cmd/gameserver/packet/v21_sudoinvite.go:264.2,264.23 1 1
github.com/rxjh-emu/server/cmd/gameserver/packet/v21_sudoinvite.go:268.3,270.1 2 1
github.com/rxjh-emu/server/cmd/gameserver/packet/v21_sudoinvite.go:272.2,272.81 1 1
github.com/rxjh-emu/server/cmd/gameserver/packet/v21_sudoinvite.go:274.3,276.1 2 1
github.com/rxjh-emu/server/cmd/gameserver/packet/v21_sudoinvite.go:278.2,278.40 1 1
github.com/rxjh-emu/server/cmd/gameserver/packet/v21_sudoinvite.go:279.3,281.1 2 1
github.com/rxjh-emu/server/cmd/gameserver/packet/v21_sudoinvite.go:283.2,283.71 1 1
github.com/rxjh-emu/server/cmd/gameserver/packet/v21_sudoinvite.go:284.3,286.1 2 1
github.com/rxjh-emu/server/cmd/gameserver/packet/v21_sudoinvite.go:288.2,289.44 1 1
github.com/rxjh-emu/server/cmd/gameserver/packet/v21_sudoinvite.go:290.3,292.1 2 1
github.com/rxjh-emu/server/cmd/gameserver/packet/v21_sudoinvite.go:294.2,294.59 1 1
github.com/rxjh-emu/server/cmd/gameserver/packet/v21_sudoinvite.go:295.3,297.1 2 1
github.com/rxjh-emu/server/cmd/gameserver/packet/v21_sudoinvite.go:301.2,303.1 4 1
github.com/rxjh-emu/server/cmd/gameserver/packet/v21_sudoinvite.go:304.2,305.60 4 1
github.com/rxjh-emu/server/cmd/gameserver/packet/v21_sudoprogress.go:30.2,31.1 1 1
github.com/rxjh-emu/server/cmd/gameserver/packet/v21_sudoprogress.go:43.2,44.1 1 1
github.com/rxjh-emu/server/cmd/gameserver/packet/v21_sudoteach.go:105.2,106.1 2 1
github.com/rxjh-emu/server/cmd/gameserver/packet/v21_sudoteach.go:112.2,112.36 2 1
github.com/rxjh-emu/server/cmd/gameserver/packet/v21_sudoteach.go:113.3,114.1 1 1
github.com/rxjh-emu/server/cmd/gameserver/packet/v21_sudoteach.go:115.2,116.11 2 1
github.com/rxjh-emu/server/cmd/gameserver/packet/v21_sudoteach.go:117.3,118.1 1 0
github.com/rxjh-emu/server/cmd/gameserver/packet/v21_sudoteach.go:123.2,123.39 1 1
github.com/rxjh-emu/server/cmd/gameserver/packet/v21_sudoteach.go:124.3,125.1 1 1
github.com/rxjh-emu/server/cmd/gameserver/packet/v21_sudoteach.go:126.2,128.1 4 1
github.com/rxjh-emu/server/cmd/gameserver/packet/v21_sudoteach.go:133.2,134.19 4 1
github.com/rxjh-emu/server/cmd/gameserver/packet/v21_sudoteach.go:135.3,136.1 1 1
github.com/rxjh-emu/server/cmd/gameserver/packet/v21_sudoteach.go:137.2,138.9 2 1
github.com/rxjh-emu/server/cmd/gameserver/packet/v21_sudoteach.go:139.3,140.1 1 1
github.com/rxjh-emu/server/cmd/gameserver/packet/v21_sudoteach.go:146.2,146.77 1 1
github.com/rxjh-emu/server/cmd/gameserver/packet/v21_sudoteach.go:147.3,150.1 2 1
github.com/rxjh-emu/server/cmd/gameserver/packet/v21_sudoteach.go:158.2,160.25 3 1
github.com/rxjh-emu/server/cmd/gameserver/packet/v21_sudoteach.go:161.3,161.43 1 1
github.com/rxjh-emu/server/cmd/gameserver/packet/v21_sudoteach.go:162.4,163.9 2 1
github.com/rxjh-emu/server/cmd/gameserver/packet/v21_sudoteach.go:166.2,166.16 1 1
github.com/rxjh-emu/server/cmd/gameserver/packet/v21_sudoteach.go:167.3,168.1 1 1
github.com/rxjh-emu/server/cmd/gameserver/packet/v21_sudoteach.go:180.2,180.40 1 1
github.com/rxjh-emu/server/cmd/gameserver/packet/v21_sudoteach.go:182.3,182.62 1 1
github.com/rxjh-emu/server/cmd/gameserver/packet/v21_sudoteach.go:183.4,185.1 2 1
github.com/rxjh-emu/server/cmd/gameserver/packet/v21_sudoteach.go:187.3,187.32 1 1
github.com/rxjh-emu/server/cmd/gameserver/packet/v21_sudoteach.go:188.4,190.1 2 1
github.com/rxjh-emu/server/cmd/gameserver/packet/v21_sudoteach.go:197.2,197.13 1 1
github.com/rxjh-emu/server/cmd/gameserver/packet/v21_sudoteach.go:199.3,200.38 2 1
github.com/rxjh-emu/server/cmd/gameserver/packet/v21_sudoteach.go:202.3,203.38 2 1
github.com/rxjh-emu/server/cmd/gameserver/packet/v21_sudoteach.go:205.3,206.38 2 1
github.com/rxjh-emu/server/cmd/gameserver/packet/v21_sudoteach.go:216.2,219.48 4 1
github.com/rxjh-emu/server/cmd/gameserver/packet/v21_sudoteach.go:227.2,231.1 4 1
github.com/rxjh-emu/server/cmd/gameserver/packet/v21_sudoteach.go:247.2,248.1 3 1
github.com/rxjh-emu/server/cmd/gameserver/packet/v21_sudoteach.go:251.2,252.11 3 1
github.com/rxjh-emu/server/cmd/gameserver/packet/v21_sudoteach.go:253.3,254.1 1 0
github.com/rxjh-emu/server/cmd/gameserver/packet/v21_sudoteach.go:259.2,260.61 2 1
github.com/rxjh-emu/server/cmd/gameserver/packet/v21_sudoteach.go:261.3,262.1 1 1
github.com/rxjh-emu/server/cmd/gameserver/packet/v21_sudoteach.go:264.2,267.32 4 1
github.com/rxjh-emu/server/cmd/gameserver/packet/v21_systemactions.go:37.2,37.27 1 1
github.com/rxjh-emu/server/cmd/gameserver/packet/v21_systemactions.go:38.3,39.1 1 1
github.com/rxjh-emu/server/cmd/gameserver/packet/v21_systemactions.go:40.2,41.1 2 1
github.com/rxjh-emu/server/cmd/gameserver/packet/v21_systemactions.go:48.2,48.19 2 1
github.com/rxjh-emu/server/cmd/gameserver/packet/v21_systemactions.go:49.3,50.1 1 1
github.com/rxjh-emu/server/cmd/gameserver/packet/v21_systemactions.go:52.2,54.1 7 1
github.com/rxjh-emu/server/cmd/gameserver/packet/v21_systemactions.go:59.2,62.1 7 1
github.com/rxjh-emu/server/cmd/gameserver/packet/v21_systemactions.go:76.2,77.53 7 1
github.com/rxjh-emu/server/cmd/gameserver/packet/v21_systemactions.go:78.3,79.1 1 1
github.com/rxjh-emu/server/cmd/gameserver/packet/v21_throw.go:56.2,57.23 2 1
github.com/rxjh-emu/server/cmd/gameserver/packet/v21_throw.go:58.3,59.1 1 0
github.com/rxjh-emu/server/cmd/gameserver/packet/v21_throw.go:61.2,62.1 2 1
github.com/rxjh-emu/server/cmd/gameserver/packet/v21_throw.go:64.2,64.32 2 1
github.com/rxjh-emu/server/cmd/gameserver/packet/v21_throw.go:65.3,66.1 1 1
github.com/rxjh-emu/server/cmd/gameserver/packet/v21_throw.go:70.2,71.39 2 1
github.com/rxjh-emu/server/cmd/gameserver/packet/v21_throw.go:72.3,73.1 1 1
github.com/rxjh-emu/server/cmd/gameserver/packet/v21_throw.go:75.2,77.49 1 1
github.com/rxjh-emu/server/cmd/gameserver/packet/v21_throw.go:83.2,83.19 1 1
github.com/rxjh-emu/server/cmd/gameserver/packet/v21_throw.go:84.3,85.1 1 1
github.com/rxjh-emu/server/cmd/gameserver/packet/v21_throw.go:86.2,86.45 1 1
github.com/rxjh-emu/server/cmd/gameserver/packet/v21_throw.go:90.3,92.1 2 1
github.com/rxjh-emu/server/cmd/gameserver/packet/v21_throw.go:94.2,96.104 3 1
github.com/rxjh-emu/server/cmd/gameserver/packet/v21_throw.go:97.3,98.1 1 1
github.com/rxjh-emu/server/cmd/gameserver/packet/v21_throw.go:99.2,99.20 1 1
github.com/rxjh-emu/server/cmd/gameserver/packet/v21_throw.go:100.3,102.1 2 1
github.com/rxjh-emu/server/cmd/gameserver/packet/v21_throw.go:103.2,103.19 1 1
github.com/rxjh-emu/server/cmd/gameserver/packet/v21_throw.go:104.3,105.1 1 1
github.com/rxjh-emu/server/cmd/gameserver/packet/v21_throw.go:109.2,110.1 4 1
github.com/rxjh-emu/server/cmd/gameserver/packet/v21_throw.go:114.2,115.1 4 1
github.com/rxjh-emu/server/cmd/gameserver/packet/v21_throw.go:119.2,120.9 4 1
github.com/rxjh-emu/server/cmd/gameserver/packet/v21_throw.go:121.3,122.1 1 1
github.com/rxjh-emu/server/cmd/gameserver/packet/v21_throw.go:124.2,124.21 1 1
github.com/rxjh-emu/server/cmd/gameserver/packet/v21_throw.go:125.3,128.1 4 1
github.com/rxjh-emu/server/cmd/gameserver/packet/v21_throw.go:130.3,131.1 4 1
github.com/rxjh-emu/server/cmd/gameserver/packet/v21_throw.go:132.3,133.28 2 1
github.com/rxjh-emu/server/cmd/gameserver/packet/v21_throw.go:136.4,137.1 1 1
github.com/rxjh-emu/server/cmd/gameserver/packet/v21_throw.go:138.4,139.1 1 1
github.com/rxjh-emu/server/cmd/gameserver/packet/v21_throw.go:140.3,142.26 3 1
github.com/rxjh-emu/server/cmd/gameserver/packet/v21_throw.go:145.2,150.16 1 1
github.com/rxjh-emu/server/cmd/gameserver/packet/v21_throw.go:159.2,159.14 1 1
github.com/rxjh-emu/server/cmd/gameserver/packet/v21_throw.go:160.3,161.1 1 1
github.com/rxjh-emu/server/cmd/gameserver/packet/v21_throw.go:163.2,166.1 4 1
github.com/rxjh-emu/server/cmd/gameserver/packet/v21_throw.go:167.2,167.49 4 1
github.com/rxjh-emu/server/cmd/gameserver/packet/v21_throw.go:168.3,174.1 6 1
github.com/rxjh-emu/server/cmd/gameserver/packet/v21_throw.go:176.2,176.20 1 1
github.com/rxjh-emu/server/cmd/gameserver/packet/v21_throw.go:177.3,179.1 2 1
github.com/rxjh-emu/server/cmd/gameserver/packet/v21_throw.go:184.2,186.1 4 1
github.com/rxjh-emu/server/cmd/gameserver/packet/v21_throw.go:187.2,188.9 4 1
github.com/rxjh-emu/server/cmd/gameserver/packet/v21_throw.go:189.3,190.1 1 0
github.com/rxjh-emu/server/cmd/gameserver/packet/v21_throw.go:192.2,193.21 2 1
github.com/rxjh-emu/server/cmd/gameserver/packet/v21_throw.go:194.3,195.1 1 0
github.com/rxjh-emu/server/cmd/gameserver/packet/v21_throw.go:195.9,195.34 1 1
github.com/rxjh-emu/server/cmd/gameserver/packet/v21_throw.go:196.3,197.1 1 0
github.com/rxjh-emu/server/cmd/gameserver/packet/v21_throw.go:197.9,197.66 1 1
github.com/rxjh-emu/server/cmd/gameserver/packet/v21_throw.go:198.3,201.1 3 1
github.com/rxjh-emu/server/cmd/gameserver/packet/v21_throw.go:203.2,211.1 9 1
github.com/rxjh-emu/server/cmd/gameserver/packet/v21_throw.go:213.2,213.36 9 1
github.com/rxjh-emu/server/cmd/gameserver/packet/v21_throw.go:222.2,222.54 1 1
github.com/rxjh-emu/server/cmd/gameserver/packet/v21_throw.go:223.3,224.79 2 1
github.com/rxjh-emu/server/cmd/gameserver/packet/v21_throw.go:225.4,226.1 1 1
github.com/rxjh-emu/server/cmd/gameserver/packet/v21_throw.go:228.2,228.11 1 1
github.com/rxjh-emu/server/cmd/gameserver/packet/v21_throw.go:235.2,240.1 5 1
github.com/rxjh-emu/server/cmd/gameserver/packet/v21_throw.go:245.2,250.1 5 1
github.com/rxjh-emu/server/cmd/gameserver/packet/v21_throw.go:258.2,259.22 2 1
github.com/rxjh-emu/server/cmd/gameserver/packet/v21_throw.go:260.3,261.1 1 0
github.com/rxjh-emu/server/cmd/gameserver/packet/v21_throw.go:263.2,264.9 2 1
github.com/rxjh-emu/server/cmd/gameserver/packet/v21_throw.go:265.3,266.1 1 0
github.com/rxjh-emu/server/cmd/gameserver/packet/v21_throw.go:268.2,269.25 2 1
github.com/rxjh-emu/server/cmd/gameserver/packet/v21_throw.go:272.3,274.1 2 1
github.com/rxjh-emu/server/cmd/gameserver/packet/v21_throw.go:276.2,276.17 1 1
github.com/rxjh-emu/server/cmd/gameserver/packet/v21_throw.go:277.3,277.55 1 1
github.com/rxjh-emu/server/cmd/gameserver/packet/v21_throw.go:278.4,278.57 1 1
github.com/rxjh-emu/server/cmd/gameserver/packet/v21_throw.go:279.5,281.1 2 1
github.com/rxjh-emu/server/cmd/gameserver/packet/v21_throw.go:285.2,286.14 2 1
github.com/rxjh-emu/server/cmd/gameserver/packet/v21_throw.go:287.3,289.1 2 1
github.com/rxjh-emu/server/cmd/gameserver/packet/v21_throw.go:290.2,290.42 1 1
github.com/rxjh-emu/server/cmd/gameserver/packet/v21_throw.go:291.3,293.1 2 1
github.com/rxjh-emu/server/cmd/gameserver/packet/v21_throw.go:295.2,296.1 3 1
github.com/rxjh-emu/server/cmd/gameserver/packet/v21_throw.go:299.2,300.89 3 1
github.com/rxjh-emu/server/cmd/gameserver/packet/v21_throw.go:301.3,303.1 2 1
github.com/rxjh-emu/server/cmd/gameserver/packet/v21_throw.go:305.2,306.18 2 1
github.com/rxjh-emu/server/cmd/gameserver/packet/v21_throw.go:307.3,309.1 2 1
github.com/rxjh-emu/server/cmd/gameserver/packet/v21_throw.go:311.2,312.9 2 1
github.com/rxjh-emu/server/cmd/gameserver/packet/v21_throw.go:315.3,316.1 1 1
github.com/rxjh-emu/server/cmd/gameserver/packet/v21_throw.go:318.2,319.1 2 1
github.com/rxjh-emu/server/cmd/gameserver/packet/v21_throw.go:321.2,321.21 2 1
github.com/rxjh-emu/server/cmd/gameserver/packet/v21_throw.go:322.3,322.75 1 1
github.com/rxjh-emu/server/cmd/gameserver/packet/v21_throw.go:323.4,325.1 2 1
github.com/rxjh-emu/server/cmd/gameserver/packet/v21_throw.go:328.2,328.36 1 1
github.com/rxjh-emu/server/cmd/gameserver/packet/v21_throw.go:331.3,332.1 1 0
github.com/rxjh-emu/server/cmd/gameserver/packet/v21_throw.go:334.2,336.44 3 1
github.com/rxjh-emu/server/cmd/gameserver/packet/v21_throw.go:345.2,346.1 12 1
github.com/rxjh-emu/server/cmd/gameserver/packet/v21_throw.go:347.2,350.1 12 1
github.com/rxjh-emu/server/cmd/gameserver/packet/v21_throw.go:351.2,355.1 12 1
github.com/rxjh-emu/server/cmd/gameserver/packet/v21_throw.go:357.2,360.1 12 1
github.com/rxjh-emu/server/cmd/gameserver/packet/v21_throw.go:361.2,362.1 12 1
github.com/rxjh-emu/server/cmd/gameserver/packet/v21_trade.go:49.2,49.42 1 0
github.com/rxjh-emu/server/cmd/gameserver/packet/v21_trade.go:50.3,50.22 1 0
github.com/rxjh-emu/server/cmd/gameserver/packet/v21_trade.go:51.4,52.1 1 0
github.com/rxjh-emu/server/cmd/gameserver/packet/v21_trade.go:54.2,54.12 1 0
github.com/rxjh-emu/server/cmd/gameserver/packet/v21_trade.go:60.2,61.23 2 1
github.com/rxjh-emu/server/cmd/gameserver/packet/v21_trade.go:62.3,63.1 1 0
github.com/rxjh-emu/server/cmd/gameserver/packet/v21_trade.go:65.2,66.9 2 1
github.com/rxjh-emu/server/cmd/gameserver/packet/v21_trade.go:67.3,68.1 1 0
github.com/rxjh-emu/server/cmd/gameserver/packet/v21_trade.go:69.2,69.32 1 1
github.com/rxjh-emu/server/cmd/gameserver/packet/v21_trade.go:70.3,72.1 2 1
github.com/rxjh-emu/server/cmd/gameserver/packet/v21_trade.go:74.2,76.1 3 1
github.com/rxjh-emu/server/cmd/gameserver/packet/v21_trade.go:77.2,77.16 3 1
github.com/rxjh-emu/server/cmd/gameserver/packet/v21_trade.go:79.3,79.30 1 1
github.com/rxjh-emu/server/cmd/gameserver/packet/v21_trade.go:81.3,81.18 1 1
github.com/rxjh-emu/server/cmd/gameserver/packet/v21_trade.go:83.3,83.52 1 0
github.com/rxjh-emu/server/cmd/gameserver/packet/v21_trade.go:87.3,87.55 1 0
github.com/rxjh-emu/server/cmd/gameserver/packet/v21_trade.go:89.3,89.19 1 1
github.com/rxjh-emu/server/cmd/gameserver/packet/v21_trade.go:91.3,91.52 1 0
github.com/rxjh-emu/server/cmd/gameserver/packet/v21_trade.go:99.2,100.88 2 1
github.com/rxjh-emu/server/cmd/gameserver/packet/v21_trade.go:101.3,102.1 1 0
github.com/rxjh-emu/server/cmd/gameserver/packet/v21_trade.go:104.2,106.64 2 1
github.com/rxjh-emu/server/cmd/gameserver/packet/v21_trade.go:107.3,108.1 1 0
github.com/rxjh-emu/server/cmd/gameserver/packet/v21_trade.go:110.2,112.1 6 1
github.com/rxjh-emu/server/cmd/gameserver/packet/v21_trade.go:113.2,115.1 6 1
github.com/rxjh-emu/server/cmd/gameserver/packet/v21_trade.go:116.2,117.30 6 1
github.com/rxjh-emu/server/cmd/gameserver/packet/v21_trade.go:126.2,128.20 3 1
github.com/rxjh-emu/server/cmd/gameserver/packet/v21_trade.go:129.3,130.1 1 0
github.com/rxjh-emu/server/cmd/gameserver/packet/v21_trade.go:132.2,136.33 5 1
github.com/rxjh-emu/server/cmd/gameserver/packet/v21_trade.go:137.3,138.1 1 1
github.com/rxjh-emu/server/cmd/gameserver/packet/v21_trade.go:139.2,139.36 1 1
github.com/rxjh-emu/server/cmd/gameserver/packet/v21_trade.go:140.3,141.1 1 1
github.com/rxjh-emu/server/cmd/gameserver/packet/v21_trade.go:143.2,146.1 6 1
github.com/rxjh-emu/server/cmd/gameserver/packet/v21_trade.go:147.2,149.35 6 1
github.com/rxjh-emu/server/cmd/gameserver/packet/v21_trade.go:157.2,159.1 6 0
github.com/rxjh-emu/server/cmd/gameserver/packet/v21_trade.go:160.2,162.1 6 0
github.com/rxjh-emu/server/cmd/gameserver/packet/v21_trade.go:163.2,164.20 6 0
github.com/rxjh-emu/server/cmd/gameserver/packet/v21_trade.go:165.3,166.1 1 0
github.com/rxjh-emu/server/cmd/gameserver/packet/v21_trade.go:168.2,169.20 2 0
github.com/rxjh-emu/server/cmd/gameserver/packet/v21_trade.go:170.3,171.1 1 0
github.com/rxjh-emu/server/cmd/gameserver/packet/v21_trade.go:177.2,179.49 3 1
github.com/rxjh-emu/server/cmd/gameserver/packet/v21_trade.go:180.3,181.1 1 0
github.com/rxjh-emu/server/cmd/gameserver/packet/v21_trade.go:183.2,187.1 6 1
github.com/rxjh-emu/server/cmd/gameserver/packet/v21_trade.go:188.2,189.33 6 1
github.com/rxjh-emu/server/cmd/gameserver/packet/v21_trade.go:190.3,191.1 1 1
github.com/rxjh-emu/server/cmd/gameserver/packet/v21_trade.go:196.2,196.60 1 1
github.com/rxjh-emu/server/cmd/gameserver/packet/v21_trade.go:197.3,199.1 2 0
github.com/rxjh-emu/server/cmd/gameserver/packet/v21_trade.go:201.2,201.30 1 1
github.com/rxjh-emu/server/cmd/gameserver/packet/v21_trade.go:207.2,208.23 2 1
github.com/rxjh-emu/server/cmd/gameserver/packet/v21_trade.go:209.3,210.1 1 0
github.com/rxjh-emu/server/cmd/gameserver/packet/v21_trade.go:211.2,211.67 1 1
github.com/rxjh-emu/server/cmd/gameserver/packet/v21_trade.go:212.3,213.1 1 0
github.com/rxjh-emu/server/cmd/gameserver/packet/v21_trade.go:215.2,216.9 2 1
github.com/rxjh-emu/server/cmd/gameserver/packet/v21_trade.go:217.3,218.1 1 0
github.com/rxjh-emu/server/cmd/gameserver/packet/v21_trade.go:220.2,223.18 4 1
github.com/rxjh-emu/server/cmd/gameserver/packet/v21_trade.go:224.3,225.1 1 0
github.com/rxjh-emu/server/cmd/gameserver/packet/v21_trade.go:227.2,228.1 2 1
github.com/rxjh-emu/server/cmd/gameserver/packet/v21_trade.go:229.2,229.25 2 1
github.com/rxjh-emu/server/cmd/gameserver/packet/v21_trade.go:230.3,231.57 1 1
github.com/rxjh-emu/server/cmd/gameserver/packet/v21_trade.go:232.4,233.1 1 0
github.com/rxjh-emu/server/cmd/gameserver/packet/v21_trade.go:234.3,235.1 6 1
github.com/rxjh-emu/server/cmd/gameserver/packet/v21_trade.go:236.3,240.9 6 1
github.com/rxjh-emu/server/cmd/gameserver/packet/v21_trade.go:243.2,243.17 1 1
github.com/rxjh-emu/server/cmd/gameserver/packet/v21_trade.go:244.3,245.1 1 0
github.com/rxjh-emu/server/cmd/gameserver/packet/v21_trade.go:246.2,247.14 2 1
github.com/rxjh-emu/server/cmd/gameserver/packet/v21_trade.go:248.3,249.1 1 0
github.com/rxjh-emu/server/cmd/gameserver/packet/v21_trade.go:250.2,253.73 3 1
github.com/rxjh-emu/server/cmd/gameserver/packet/v21_trade.go:254.3,255.1 1 0
github.com/rxjh-emu/server/cmd/gameserver/packet/v21_trade.go:256.2,256.25 1 1
github.com/rxjh-emu/server/cmd/gameserver/packet/v21_trade.go:257.3,258.1 1 0
github.com/rxjh-emu/server/cmd/gameserver/packet/v21_trade.go:261.2,261.63 1 1
github.com/rxjh-emu/server/cmd/gameserver/packet/v21_trade.go:262.3,264.1 2 0
github.com/rxjh-emu/server/cmd/gameserver/packet/v21_trade.go:266.2,266.36 1 1
github.com/rxjh-emu/server/cmd/gameserver/packet/v21_trade.go:267.3,268.1 1 0
github.com/rxjh-emu/server/cmd/gameserver/packet/v21_trade.go:269.2,270.1 9 1
github.com/rxjh-emu/server/cmd/gameserver/packet/v21_trade.go:271.2,278.32 9 1
github.com/rxjh-emu/server/cmd/gameserver/packet/v21_trade.go:286.2,288.1 3 1
github.com/rxjh-emu/server/cmd/gameserver/packet/v21_trade.go:289.2,289.45 3 1
github.com/rxjh-emu/server/cmd/gameserver/packet/v21_trade.go:290.3,291.10 2 1
github.com/rxjh-emu/server/cmd/gameserver/packet/v21_trade.go:292.4,292.12 1 0
github.com/rxjh-emu/server/cmd/gameserver/packet/v21_trade.go:294.3,297.16 4 1
github.com/rxjh-emu/server/cmd/gameserver/packet/v21_trade.go:306.2,306.29 1 1
github.com/rxjh-emu/server/cmd/gameserver/packet/v21_trade.go:307.3,308.38 2 1
github.com/rxjh-emu/server/cmd/gameserver/packet/v21_trade.go:309.4,310.1 1 0
github.com/rxjh-emu/server/cmd/gameserver/packet/v21_trade.go:311.3,312.49 2 1
github.com/rxjh-emu/server/cmd/gameserver/packet/v21_trade.go:313.4,314.1 1 0
github.com/rxjh-emu/server/cmd/gameserver/packet/v21_trade.go:315.3,316.26 2 1
github.com/rxjh-emu/server/cmd/gameserver/packet/v21_trade.go:319.2,320.9 2 1
github.com/rxjh-emu/server/cmd/gameserver/packet/v21_trade.go:321.3,322.1 1 0
github.com/rxjh-emu/server/cmd/gameserver/packet/v21_trade.go:323.2,323.48 1 1
github.com/rxjh-emu/server/cmd/gameserver/packet/v21_trade.go:324.3,325.15 2 1
github.com/rxjh-emu/server/cmd/gameserver/packet/v21_trade.go:326.4,326.12 1 0
github.com/rxjh-emu/server/cmd/gameserver/packet/v21_trade.go:328.3,330.35 3 1
github.com/rxjh-emu/server/cmd/gameserver/packet/v21_trade.go:331.4,331.12 1 0
github.com/rxjh-emu/server/cmd/gameserver/packet/v21_trade.go:334.3,335.10 2 1
github.com/rxjh-emu/server/cmd/gameserver/packet/v21_trade.go:336.4,336.9 1 0
github.com/rxjh-emu/server/cmd/gameserver/packet/v21_trade.go:338.3,339.21 2 1
github.com/rxjh-emu/server/cmd/gameserver/packet/v21_trade.go:340.4,341.1 1 1
github.com/rxjh-emu/server/cmd/gameserver/packet/v21_trade.go:342.4,345.1 3 0
github.com/rxjh-emu/server/cmd/gameserver/packet/v21_trade.go:347.2,347.28 1 1
github.com/rxjh-emu/server/cmd/gameserver/packet/v21_trade.go:354.2,354.28 1 1
github.com/rxjh-emu/server/cmd/gameserver/packet/v21_trade.go:355.3,356.1 1 0
github.com/rxjh-emu/server/cmd/gameserver/packet/v21_trade.go:357.2,359.1 3 1
github.com/rxjh-emu/server/cmd/gameserver/packet/v21_trade.go:360.2,360.61 3 1
github.com/rxjh-emu/server/cmd/gameserver/packet/v21_trade.go:361.3,361.81 1 1
github.com/rxjh-emu/server/cmd/gameserver/packet/v21_trade.go:362.4,366.1 4 0
github.com/rxjh-emu/server/cmd/gameserver/packet/v21_trade.go:369.2,370.14 2 1
github.com/rxjh-emu/server/cmd/gameserver/packet/v21_trade.go:371.3,372.1 1 0
github.com/rxjh-emu/server/cmd/gameserver/packet/v21_trade.go:373.2,377.13 5 1
github.com/rxjh-emu/server/cmd/gameserver/packet/v21_trade.go:383.2,388.1 5 1
github.com/rxjh-emu/server/cmd/gameserver/packet/v21_trade.go:392.2,393.1 1 1
github.com/rxjh-emu/server/cmd/gameserver/packet/v21_trade.go:397.2,397.41 1 1
github.com/rxjh-emu/server/cmd/gameserver/packet/v21_trade.go:398.3,399.1 1 0
github.com/rxjh-emu/server/cmd/gameserver/packet/v21_trade.go:400.2,401.54 2 1
github.com/rxjh-emu/server/cmd/gameserver/packet/v21_trade.go:402.3,402.54 1 1
github.com/rxjh-emu/server/cmd/gameserver/packet/v21_trade.go:403.4,404.1 1 1
github.com/rxjh-emu/server/cmd/gameserver/packet/v21_trade.go:406.2,406.13 1 1
github.com/rxjh-emu/server/cmd/gameserver/packet/v21_trade.go:413.2,419.1 6 1
github.com/rxjh-emu/server/cmd/gameserver/packet/v21_trade.go:425.2,429.1 4 1
github.com/rxjh-emu/server/cmd/gameserver/packet/v21_trade.go:434.2,435.55 2 1
github.com/rxjh-emu/server/cmd/gameserver/packet/v21_trade.go:436.3,437.1 1 0
github.com/rxjh-emu/server/cmd/gameserver/packet/v21_trade.go:438.2,438.28 1 1
github.com/rxjh-emu/server/cmd/gameserver/packet/v21_trade.go:444.2,445.58 2 1
github.com/rxjh-emu/server/cmd/gameserver/packet/v21_trade.go:446.3,447.1 1 1
github.com/rxjh-emu/server/cmd/gameserver/packet/v21_trade.go:454.2,454.54 1 1
github.com/rxjh-emu/server/cmd/gameserver/packet/v21_trade.go:455.3,455.84 1 1
github.com/rxjh-emu/server/cmd/gameserver/packet/v21_trade.go:456.4,457.1 1 1
github.com/rxjh-emu/server/cmd/gameserver/packet/v21_trade.go:459.2,459.11 1 0
github.com/rxjh-emu/server/cmd/gameserver/packet/v21_training.go:55.2,55.27 1 1
github.com/rxjh-emu/server/cmd/gameserver/packet/v21_training.go:56.3,57.1 1 0
github.com/rxjh-emu/server/cmd/gameserver/packet/v21_training.go:58.2,59.1 2 1
github.com/rxjh-emu/server/cmd/gameserver/packet/v21_training.go:62.2,62.19 2 1
github.com/rxjh-emu/server/cmd/gameserver/packet/v21_training.go:63.3,64.1 1 0
github.com/rxjh-emu/server/cmd/gameserver/packet/v21_training.go:65.2,66.9 2 1
github.com/rxjh-emu/server/cmd/gameserver/packet/v21_training.go:67.3,68.1 1 0
github.com/rxjh-emu/server/cmd/gameserver/packet/v21_training.go:70.2,72.1 4 1
github.com/rxjh-emu/server/cmd/gameserver/packet/v21_training.go:79.2,80.1 4 1
github.com/rxjh-emu/server/cmd/gameserver/packet/v21_training.go:81.2,81.14 4 1
github.com/rxjh-emu/server/cmd/gameserver/packet/v21_training.go:83.3,83.33 1 1
github.com/rxjh-emu/server/cmd/gameserver/packet/v21_training.go:85.3,85.19 1 1
github.com/rxjh-emu/server/cmd/gameserver/packet/v21_training.go:101.2,101.34 1 1
github.com/rxjh-emu/server/cmd/gameserver/packet/v21_training.go:102.3,103.100 1 1
github.com/rxjh-emu/server/cmd/gameserver/packet/v21_training.go:104.4,105.1 1 1
github.com/rxjh-emu/server/cmd/gameserver/packet/v21_training.go:107.3,113.9 5 1
github.com/rxjh-emu/server/cmd/gameserver/packet/v21_training.go:116.2,116.37 1 1
github.com/rxjh-emu/server/cmd/gameserver/packet/v21_training.go:117.3,118.96 1 1
github.com/rxjh-emu/server/cmd/gameserver/packet/v21_training.go:119.4,120.1 1 1
github.com/rxjh-emu/server/cmd/gameserver/packet/v21_training.go:122.3,127.9 4 1
github.com/rxjh-emu/server/cmd/gameserver/packet/v21_training.go:134.2,134.32 1 1
github.com/rxjh-emu/server/cmd/gameserver/packet/v21_training.go:135.3,136.1 1 1
github.com/rxjh-emu/server/cmd/gameserver/packet/v21_training.go:137.2,138.1 4 1
github.com/rxjh-emu/server/cmd/gameserver/packet/v21_training.go:139.2,143.65 4 1
github.com/rxjh-emu/server/cmd/gameserver/packet/v21_training.go:152.2,152.20 1 1
github.com/rxjh-emu/server/cmd/gameserver/packet/v21_training.go:153.3,154.1 1 1
github.com/rxjh-emu/server/cmd/gameserver/packet/v21_training.go:155.2,156.1 2 1
github.com/rxjh-emu/server/cmd/gameserver/packet/v21_training.go:157.2,157.53 2 1
github.com/rxjh-emu/server/cmd/gameserver/packet/v21_training.go:158.3,159.10 2 1
github.com/rxjh-emu/server/cmd/gameserver/packet/v21_training.go:160.4,160.12 1 1
github.com/rxjh-emu/server/cmd/gameserver/packet/v21_training.go:163.3,164.1 3 1
github.com/rxjh-emu/server/cmd/gameserver/packet/v21_training.go:166.3,167.14 3 1
github.com/rxjh-emu/server/cmd/gameserver/packet/v21_training.go:170.2,171.14 2 1
github.com/rxjh-emu/server/cmd/gameserver/packet/v21_training.go:181.2,181.14 1 1
github.com/rxjh-emu/server/cmd/gameserver/packet/v21_training.go:183.3,183.21 1 1
github.com/rxjh-emu/server/cmd/gameserver/packet/v21_training.go:185.3,185.22 1 1
github.com/rxjh-emu/server/cmd/gameserver/packet/v21_training.go:187.3,187.20 1 1
github.com/rxjh-emu/server/cmd/gameserver/packet/v21_training.go:189.3,189.21 1 1
github.com/rxjh-emu/server/cmd/gameserver/packet/v21_training.go:191.2,191.13 1 1
github.com/rxjh-emu/server/cmd/gameserver/packet/v21_training.go:205.2,210.1 5 1
github.com/rxjh-emu/server/cmd/gameserver/packet/v21_training.go:224.2,224.45 1 1
github.com/rxjh-emu/server/cmd/gameserver/packet/v21_training.go:225.3,226.1 1 1
github.com/rxjh-emu/server/cmd/gameserver/packet/v21_training.go:227.3,228.1 1 1
github.com/rxjh-emu/server/cmd/gameserver/packet/v21_training.go:229.2,230.1 2 1
github.com/rxjh-emu/server/cmd/gameserver/packet/v21_training.go:231.2,231.29 2 1
github.com/rxjh-emu/server/cmd/gameserver/packet/v21_upgrade.go:89.2,89.16 1 0
github.com/rxjh-emu/server/cmd/gameserver/packet/v21_upgrade.go:90.3,91.1 1 0
github.com/rxjh-emu/server/cmd/gameserver/packet/v21_upgrade.go:92.2,92.33 1 0
github.com/rxjh-emu/server/cmd/gameserver/packet/v21_upgrade.go:97.2,98.22 2 1
github.com/rxjh-emu/server/cmd/gameserver/packet/v21_upgrade.go:99.3,100.1 1 0
github.com/rxjh-emu/server/cmd/gameserver/packet/v21_upgrade.go:101.2,102.1 2 1
github.com/rxjh-emu/server/cmd/gameserver/packet/v21_upgrade.go:106.2,106.41 2 1
github.com/rxjh-emu/server/cmd/gameserver/packet/v21_upgrade.go:107.3,108.1 1 0
github.com/rxjh-emu/server/cmd/gameserver/packet/v21_upgrade.go:110.2,110.13 1 1
github.com/rxjh-emu/server/cmd/gameserver/packet/v21_upgrade.go:111.77,111.77 0 1
github.com/rxjh-emu/server/cmd/gameserver/packet/v21_upgrade.go:113.3,113.9 1 0
github.com/rxjh-emu/server/cmd/gameserver/packet/v21_upgrade.go:116.2,117.9 2 1
github.com/rxjh-emu/server/cmd/gameserver/packet/v21_upgrade.go:118.3,119.1 1 0
github.com/rxjh-emu/server/cmd/gameserver/packet/v21_upgrade.go:121.2,121.13 1 1
github.com/rxjh-emu/server/cmd/gameserver/packet/v21_upgrade.go:123.3,123.44 1 1
github.com/rxjh-emu/server/cmd/gameserver/packet/v21_upgrade.go:125.3,125.45 1 1
github.com/rxjh-emu/server/cmd/gameserver/packet/v21_upgrade.go:127.3,127.23 1 1
github.com/rxjh-emu/server/cmd/gameserver/packet/v21_upgrade.go:129.3,129.23 1 1
github.com/rxjh-emu/server/cmd/gameserver/packet/v21_upgrade.go:136.2,136.37 1 1
github.com/rxjh-emu/server/cmd/gameserver/packet/v21_upgrade.go:137.3,138.1 1 1
github.com/rxjh-emu/server/cmd/gameserver/packet/v21_upgrade.go:139.2,139.33 1 1
github.com/rxjh-emu/server/cmd/gameserver/packet/v21_upgrade.go:147.2,148.44 2 1
github.com/rxjh-emu/server/cmd/gameserver/packet/v21_upgrade.go:149.3,150.1 1 1
github.com/rxjh-emu/server/cmd/gameserver/packet/v21_upgrade.go:152.2,153.67 2 1
github.com/rxjh-emu/server/cmd/gameserver/packet/v21_upgrade.go:154.3,155.1 1 1
github.com/rxjh-emu/server/cmd/gameserver/packet/v21_upgrade.go:157.2,159.19 3 1
github.com/rxjh-emu/server/cmd/gameserver/packet/v21_upgrade.go:166.2,167.45 2 1
github.com/rxjh-emu/server/cmd/gameserver/packet/v21_upgrade.go:168.3,169.1 1 0
github.com/rxjh-emu/server/cmd/gameserver/packet/v21_upgrade.go:170.2,170.47 1 1
github.com/rxjh-emu/server/cmd/gameserver/packet/v21_upgrade.go:171.3,172.1 1 1
github.com/rxjh-emu/server/cmd/gameserver/packet/v21_upgrade.go:174.2,175.55 2 1
github.com/rxjh-emu/server/cmd/gameserver/packet/v21_upgrade.go:176.3,177.1 1 1
github.com/rxjh-emu/server/cmd/gameserver/packet/v21_upgrade.go:179.2,181.19 3 1
github.com/rxjh-emu/server/cmd/gameserver/packet/v21_upgrade.go:192.2,194.1 2 1
github.com/rxjh-emu/server/cmd/gameserver/packet/v21_upgrade.go:199.2,200.21 2 1
github.com/rxjh-emu/server/cmd/gameserver/packet/v21_upgrade.go:201.3,202.1 1 0
github.com/rxjh-emu/server/cmd/gameserver/packet/v21_upgrade.go:204.2,206.47 3 1
github.com/rxjh-emu/server/cmd/gameserver/packet/v21_upgrade.go:207.3,208.1 1 1
github.com/rxjh-emu/server/cmd/gameserver/packet/v21_upgrade.go:209.2,209.35 1 1
github.com/rxjh-emu/server/cmd/gameserver/packet/v21_upgrade.go:210.3,211.1 1 1
github.com/rxjh-emu/server/cmd/gameserver/packet/v21_upgrade.go:213.2,213.59 1 1
github.com/rxjh-emu/server/cmd/gameserver/packet/v21_upgrade.go:214.3,215.1 1 1
github.com/rxjh-emu/server/cmd/gameserver/packet/v21_upgrade.go:217.2,219.9 3 1
github.com/rxjh-emu/server/cmd/gameserver/packet/v21_upgrade.go:220.3,221.1 1 0
github.com/rxjh-emu/server/cmd/gameserver/packet/v21_upgrade.go:222.2,222.38 1 1
github.com/rxjh-emu/server/cmd/gameserver/packet/v21_upgrade.go:223.3,224.1 1 0
github.com/rxjh-emu/server/cmd/gameserver/packet/v21_upgrade.go:225.2,225.22 1 1
github.com/rxjh-emu/server/cmd/gameserver/packet/v21_upgrade.go:228.3,230.1 2 1
github.com/rxjh-emu/server/cmd/gameserver/packet/v21_upgrade.go:232.2,233.34 2 1
github.com/rxjh-emu/server/cmd/gameserver/packet/v21_upgrade.go:234.3,237.1 3 1
github.com/rxjh-emu/server/cmd/gameserver/packet/v21_upgrade.go:239.2,239.30 1 1
github.com/rxjh-emu/server/cmd/gameserver/packet/v21_upgrade.go:240.3,242.1 2 1
github.com/rxjh-emu/server/cmd/gameserver/packet/v21_upgrade.go:243.2,244.1 2 1
github.com/rxjh-emu/server/cmd/gameserver/packet/v21_upgrade.go:248.2,248.18 2 1
github.com/rxjh-emu/server/cmd/gameserver/packet/v21_upgrade.go:249.3,253.1 4 1
github.com/rxjh-emu/server/cmd/gameserver/packet/v21_upgrade.go:255.2,257.1 4 1
github.com/rxjh-emu/server/cmd/gameserver/packet/v21_upgrade.go:258.2,259.30 4 1
github.com/rxjh-emu/server/cmd/gameserver/packet/v21_upgrade.go:260.3,262.1 2 1
github.com/rxjh-emu/server/cmd/gameserver/packet/v21_upgrade.go:266.3,267.1 1 1
github.com/rxjh-emu/server/cmd/gameserver/packet/v21_upgrade.go:270.2,272.1 4 1
github.com/rxjh-emu/server/cmd/gameserver/packet/v21_upgrade.go:273.2,274.19 4 1
github.com/rxjh-emu/server/cmd/gameserver/packet/v21_upgrade.go:281.2,281.30 1 1
github.com/rxjh-emu/server/cmd/gameserver/packet/v21_upgrade.go:282.3,284.1 2 1
github.com/rxjh-emu/server/cmd/gameserver/packet/v21_upgrade.go:285.2,287.47 3 0
github.com/rxjh-emu/server/cmd/gameserver/packet/v21_upgrade.go:293.2,293.89 1 1
github.com/rxjh-emu/server/cmd/gameserver/packet/v21_upgrade.go:294.3,295.1 1 1
github.com/rxjh-emu/server/cmd/gameserver/packet/v21_upgrade.go:296.2,296.89 1 1
github.com/rxjh-emu/server/cmd/gameserver/packet/v21_upgrade.go:297.3,298.1 1 0
github.com/rxjh-emu/server/cmd/gameserver/packet/v21_upgrade.go:299.2,299.14 1 1
github.com/rxjh-emu/server/cmd/gameserver/packet/v21_upgrade.go:306.2,307.20 2 1
github.com/rxjh-emu/server/cmd/gameserver/packet/v21_upgrade.go:308.3,309.1 1 0
github.com/rxjh-emu/server/cmd/gameserver/packet/v21_upgrade.go:311.2,313.76 3 1
github.com/rxjh-emu/server/cmd/gameserver/packet/v21_upgrade.go:314.3,315.1 1 1
github.com/rxjh-emu/server/cmd/gameserver/packet/v21_upgrade.go:316.2,316.21 1 1
github.com/rxjh-emu/server/cmd/gameserver/packet/v21_upgrade.go:317.3,318.1 1 0
github.com/rxjh-emu/server/cmd/gameserver/packet/v21_upgrade.go:320.2,321.13 2 1
github.com/rxjh-emu/server/cmd/gameserver/packet/v21_upgrade.go:332.2,336.1 5 1
github.com/rxjh-emu/server/cmd/gameserver/packet/v21_upgrade.go:337.2,337.15 5 1
github.com/rxjh-emu/server/cmd/gameserver/packet/v21_upgrade.go:338.3,343.1 5 1
github.com/rxjh-emu/server/cmd/gameserver/packet/v21_upgrade.go:344.2,344.14 1 1
github.com/rxjh-emu/server/cmd/gameserver/packet/v21_upgrade.go:352.2,354.1 2 1
github.com/rxjh-emu/server/cmd/gameserver/packet/v21_upgrade.go:359.2,362.1 3 1
github.com/rxjh-emu/server/cmd/gameserver/packet/v21_upgrade.go:371.2,376.1 11 1
github.com/rxjh-emu/server/cmd/gameserver/packet/v21_upgrade.go:377.2,382.1 11 1
github.com/rxjh-emu/server/cmd/gameserver/packet/v21_upgrade.go:383.2,384.1 11 1
github.com/rxjh-emu/server/cmd/gameserver/packet/v21_upgrade.go:391.2,394.1 5 1
github.com/rxjh-emu/server/cmd/gameserver/packet/v21_upgrade.go:395.2,396.47 5 1
github.com/rxjh-emu/server/cmd/gameserver/packet/v21_upgrade.go:397.3,398.1 1 0
github.com/rxjh-emu/server/cmd/gameserver/packet/v21_upgrade.go:399.2,400.19 2 1
github.com/rxjh-emu/server/cmd/gameserver/packet/v21_upgrade.go:416.2,421.1 8 1
github.com/rxjh-emu/server/cmd/gameserver/packet/v21_upgrade.go:422.2,425.1 8 1
github.com/rxjh-emu/server/cmd/gameserver/packet/v21_upgrade.go:429.2,430.1 1 1
github.com/rxjh-emu/server/cmd/gameserver/packet/v21_upgrade.go:435.57,435.71 1 1
github.com/rxjh-emu/server/cmd/gameserver/packet/v21_upgrade.go:442.2,443.40 2 1
github.com/rxjh-emu/server/cmd/gameserver/packet/v21_upgrade.go:444.3,445.1 1 1
github.com/rxjh-emu/server/cmd/gameserver/packet/v21_upgrade.go:446.2,446.12 1 1
github.com/rxjh-emu/server/cmd/gameserver/packet/v21_warehouse.go:64.2,68.1 4 1
github.com/rxjh-emu/server/cmd/gameserver/packet/v21_warehouse.go:74.2,75.22 2 1
github.com/rxjh-emu/server/cmd/gameserver/packet/v21_warehouse.go:76.3,77.1 1 0
github.com/rxjh-emu/server/cmd/gameserver/packet/v21_warehouse.go:79.2,80.32 2 1
github.com/rxjh-emu/server/cmd/gameserver/packet/v21_warehouse.go:81.3,82.1 1 0
github.com/rxjh-emu/server/cmd/gameserver/packet/v21_warehouse.go:86.2,87.20 2 1
github.com/rxjh-emu/server/cmd/gameserver/packet/v21_warehouse.go:89.3,89.36 1 1
github.com/rxjh-emu/server/cmd/gameserver/packet/v21_warehouse.go:90.4,92.1 2 0
github.com/rxjh-emu/server/cmd/gameserver/packet/v21_warehouse.go:93.3,95.13 3 1
github.com/rxjh-emu/server/cmd/gameserver/packet/v21_warehouse.go:97.3,97.13 1 1
github.com/rxjh-emu/server/cmd/gameserver/packet/v21_warehouse.go:99.3,99.9 1 0
github.com/rxjh-emu/server/cmd/gameserver/packet/v21_warehouse.go:102.2,104.1 7 1
github.com/rxjh-emu/server/cmd/gameserver/packet/v21_warehouse.go:105.2,108.1 7 1
github.com/rxjh-emu/server/cmd/gameserver/packet/v21_warehouse.go:109.2,110.134 7 1
github.com/rxjh-emu/server/cmd/gameserver/packet/v21_warehouse.go:116.2,122.1 6 1
github.com/rxjh-emu/server/cmd/gameserver/packet/v21_warehouse.go:128.2,128.47 1 1
github.com/rxjh-emu/server/cmd/gameserver/packet/v21_warehouse.go:129.3,134.1 5 1
github.com/rxjh-emu/server/cmd/gameserver/packet/v21_warehouse.go:141.2,142.23 2 1
github.com/rxjh-emu/server/cmd/gameserver/packet/v21_warehouse.go:143.3,144.1 1 0
github.com/rxjh-emu/server/cmd/gameserver/packet/v21_warehouse.go:145.2,145.33 1 1
github.com/rxjh-emu/server/cmd/gameserver/packet/v21_warehouse.go:148.3,149.1 1 1
github.com/rxjh-emu/server/cmd/gameserver/packet/v21_warehouse.go:151.2,152.32 2 1
github.com/rxjh-emu/server/cmd/gameserver/packet/v21_warehouse.go:153.3,154.1 1 0
github.com/rxjh-emu/server/cmd/gameserver/packet/v21_warehouse.go:156.2,160.1 5 1
github.com/rxjh-emu/server/cmd/gameserver/packet/v21_warehouse.go:161.2,161.18 5 1
github.com/rxjh-emu/server/cmd/gameserver/packet/v21_warehouse.go:162.3,163.1 1 0
github.com/rxjh-emu/server/cmd/gameserver/packet/v21_warehouse.go:166.2,167.83 2 1
github.com/rxjh-emu/server/cmd/gameserver/packet/v21_warehouse.go:168.3,168.40 1 1
github.com/rxjh-emu/server/cmd/gameserver/packet/v21_warehouse.go:169.4,171.1 2 0
github.com/rxjh-emu/server/cmd/gameserver/packet/v21_warehouse.go:172.3,174.29 3 1
github.com/rxjh-emu/server/cmd/gameserver/packet/v21_warehouse.go:177.2,177.19 1 1
github.com/rxjh-emu/server/cmd/gameserver/packet/v21_warehouse.go:179.3,179.59 1 1
github.com/rxjh-emu/server/cmd/gameserver/packet/v21_warehouse.go:181.3,181.60 1 1
github.com/rxjh-emu/server/cmd/gameserver/packet/v21_warehouse.go:184.2,184.25 1 1
github.com/rxjh-emu/server/cmd/gameserver/packet/v21_warehouse.go:188.2,188.91 1 1
github.com/rxjh-emu/server/cmd/gameserver/packet/v21_warehouse.go:189.3,190.1 1 0
github.com/rxjh-emu/server/cmd/gameserver/packet/v21_warehouse.go:191.2,191.36 1 1
github.com/rxjh-emu/server/cmd/gameserver/packet/v21_warehouse.go:198.2,199.1 2 1
github.com/rxjh-emu/server/cmd/gameserver/packet/v21_warehouse.go:200.2,200.30 2 1
github.com/rxjh-emu/server/cmd/gameserver/packet/v21_warehouse.go:201.3,201.35 1 1
github.com/rxjh-emu/server/cmd/gameserver/packet/v21_warehouse.go:202.4,203.1 1 0
github.com/rxjh-emu/server/cmd/gameserver/packet/v21_warehouse.go:204.3,205.44 2 1
github.com/rxjh-emu/server/cmd/gameserver/packet/v21_warehouse.go:206.4,209.1 3 1
github.com/rxjh-emu/server/cmd/gameserver/packet/v21_warehouse.go:210.4,213.1 3 0
github.com/rxjh-emu/server/cmd/gameserver/packet/v21_warehouse.go:214.3,215.9 2 1
github.com/rxjh-emu/server/cmd/gameserver/packet/v21_warehouse.go:218.2,219.20 2 1
github.com/rxjh-emu/server/cmd/gameserver/packet/v21_warehouse.go:220.3,221.1 1 0
github.com/rxjh-emu/server/cmd/gameserver/packet/v21_warehouse.go:222.2,223.54 2 1
github.com/rxjh-emu/server/cmd/gameserver/packet/v21_warehouse.go:224.3,225.1 1 0
github.com/rxjh-emu/server/cmd/gameserver/packet/v21_warehouse.go:227.2,227.20 1 1
github.com/rxjh-emu/server/cmd/gameserver/packet/v21_warehouse.go:228.3,228.19 1 1
github.com/rxjh-emu/server/cmd/gameserver/packet/v21_warehouse.go:229.4,230.1 1 0
github.com/rxjh-emu/server/cmd/gameserver/packet/v21_warehouse.go:231.3,232.18 2 1
github.com/rxjh-emu/server/cmd/gameserver/packet/v21_warehouse.go:233.4,235.1 2 0
github.com/rxjh-emu/server/cmd/gameserver/packet/v21_warehouse.go:237.3,242.9 6 1
github.com/rxjh-emu/server/cmd/gameserver/packet/v21_warehouse.go:245.2,245.32 1 1
github.com/rxjh-emu/server/cmd/gameserver/packet/v21_warehouse.go:246.3,247.1 1 0
github.com/rxjh-emu/server/cmd/gameserver/packet/v21_warehouse.go:251.2,253.1 3 1
github.com/rxjh-emu/server/cmd/gameserver/packet/v21_warehouse.go:254.2,254.16 3 1
github.com/rxjh-emu/server/cmd/gameserver/packet/v21_warehouse.go:255.3,256.17 2 1
github.com/rxjh-emu/server/cmd/gameserver/packet/v21_warehouse.go:257.4,259.1 2 0
github.com/rxjh-emu/server/cmd/gameserver/packet/v21_warehouse.go:260.3,263.35 4 1
github.com/rxjh-emu/server/cmd/gameserver/packet/v21_warehouse.go:265.3,268.1 3 0
github.com/rxjh-emu/server/cmd/gameserver/packet/v21_warehouse.go:270.2,270.20 1 1
github.com/rxjh-emu/server/cmd/gameserver/packet/v21_warehouse.go:271.3,272.1 1 0
github.com/rxjh-emu/server/cmd/gameserver/packet/v21_warehouse.go:273.3,276.1 3 1
github.com/rxjh-emu/server/cmd/gameserver/packet/v21_warehouse.go:278.2,279.44 2 1
github.com/rxjh-emu/server/cmd/gameserver/packet/v21_warehouse.go:286.2,287.1 2 1
github.com/rxjh-emu/server/cmd/gameserver/packet/v21_warehouse.go:288.2,288.30 2 1
github.com/rxjh-emu/server/cmd/gameserver/packet/v21_warehouse.go:289.3,291.41 3 1
github.com/rxjh-emu/server/cmd/gameserver/packet/v21_warehouse.go:292.4,293.1 1 0
github.com/rxjh-emu/server/cmd/gameserver/packet/v21_warehouse.go:294.3,294.31 1 1
github.com/rxjh-emu/server/cmd/gameserver/packet/v21_warehouse.go:295.4,296.1 1 0
github.com/rxjh-emu/server/cmd/gameserver/packet/v21_warehouse.go:297.3,297.53 1 1
github.com/rxjh-emu/server/cmd/gameserver/packet/v21_warehouse.go:298.4,299.1 1 0
github.com/rxjh-emu/server/cmd/gameserver/packet/v21_warehouse.go:300.3,301.41 2 1
github.com/rxjh-emu/server/cmd/gameserver/packet/v21_warehouse.go:302.4,304.1 2 1
github.com/rxjh-emu/server/cmd/gameserver/packet/v21_warehouse.go:305.4,307.1 2 0
github.com/rxjh-emu/server/cmd/gameserver/packet/v21_warehouse.go:308.3,309.9 2 1
github.com/rxjh-emu/server/cmd/gameserver/packet/v21_warehouse.go:312.2,312.37 1 1
github.com/rxjh-emu/server/cmd/gameserver/packet/v21_warehouse.go:313.3,314.1 1 0
github.com/rxjh-emu/server/cmd/gameserver/packet/v21_warehouse.go:316.2,317.50 2 1
github.com/rxjh-emu/server/cmd/gameserver/packet/v21_warehouse.go:318.3,319.1 1 0
github.com/rxjh-emu/server/cmd/gameserver/packet/v21_warehouse.go:323.2,324.32 2 1
github.com/rxjh-emu/server/cmd/gameserver/packet/v21_warehouse.go:325.3,326.1 1 0
github.com/rxjh-emu/server/cmd/gameserver/packet/v21_warehouse.go:328.2,329.90 2 1
github.com/rxjh-emu/server/cmd/gameserver/packet/v21_warehouse.go:330.3,332.1 2 0
github.com/rxjh-emu/server/cmd/gameserver/packet/v21_warehouse.go:334.2,334.20 1 1
github.com/rxjh-emu/server/cmd/gameserver/packet/v21_warehouse.go:335.3,336.18 2 1
github.com/rxjh-emu/server/cmd/gameserver/packet/v21_warehouse.go:337.4,339.1 2 0
github.com/rxjh-emu/server/cmd/gameserver/packet/v21_warehouse.go:340.3,344.9 5 1
github.com/rxjh-emu/server/cmd/gameserver/packet/v21_warehouse.go:347.2,349.19 3 0
github.com/rxjh-emu/server/cmd/gameserver/packet/v21_warehouse.go:350.3,351.20 2 0
github.com/rxjh-emu/server/cmd/gameserver/packet/v21_warehouse.go:352.4,354.1 2 0
github.com/rxjh-emu/server/cmd/gameserver/packet/v21_warehouse.go:356.3,357.1 1 0
github.com/rxjh-emu/server/cmd/gameserver/packet/v21_warehouse.go:359.2,362.1 5 0
github.com/rxjh-emu/server/cmd/gameserver/packet/v21_warehouse.go:363.2,364.20 5 0
github.com/rxjh-emu/server/cmd/gameserver/packet/v21_warehouse.go:365.3,366.1 1 0
github.com/rxjh-emu/server/cmd/gameserver/packet/v21_warehouse.go:367.3,370.1 3 0
github.com/rxjh-emu/server/cmd/gameserver/packet/v21_warehouse.go:372.2,373.44 2 0
github.com/rxjh-emu/server/cmd/gameserver/packet/v21_warehouse.go:379.2,379.45 1 1
github.com/rxjh-emu/server/cmd/gameserver/packet/v21_warehouse.go:380.3,381.80 2 1
github.com/rxjh-emu/server/cmd/gameserver/packet/v21_warehouse.go:382.4,383.1 1 0
github.com/rxjh-emu/server/cmd/gameserver/packet/v21_warehouse.go:385.2,385.11 1 1
github.com/rxjh-emu/server/cmd/gameserver/packet/v21_warehouse.go:391.2,393.1 2 1
github.com/rxjh-emu/server/cmd/gameserver/packet/v21_warehouse.go:398.2,401.19 4 1
github.com/rxjh-emu/server/cmd/gameserver/packet/v21_warehouse.go:403.3,403.43 1 0
github.com/rxjh-emu/server/cmd/gameserver/packet/v21_warehouse.go:405.3,405.35 1 1
github.com/rxjh-emu/server/cmd/gameserver/packet/v21_warehouse.go:407.3,407.40 1 0
github.com/rxjh-emu/server/cmd/gameserver/packet/v21_warehouse.go:409.2,414.23 6 1
github.com/rxjh-emu/server/cmd/gameserver/packet/v21_warehouse.go:422.2,423.1 2 1
github.com/rxjh-emu/server/cmd/gameserver/packet/v21_warehouse.go:424.2,424.44 2 1
github.com/rxjh-emu/server/cmd/gameserver/packet/v21_warehouse.go:425.3,462.1 37 1
github.com/rxjh-emu/server/cmd/gameserver/packet/v21_warehouse.go:466.2,466.23 1 1
github.com/rxjh-emu/server/cmd/gameserver/packet/v21_warehouse.go:467.3,468.1 1 0
github.com/rxjh-emu/server/cmd/gameserver/packet/v21_warehouse.go:469.2,469.59 1 1
github.com/rxjh-emu/server/cmd/gameserver/packet/v21_warehouse.go:473.2,473.23 1 1
github.com/rxjh-emu/server/cmd/gameserver/packet/v21_warehouse.go:474.3,475.1 1 0
github.com/rxjh-emu/server/cmd/gameserver/packet/v21_warehouse.go:476.2,476.59 1 1
github.com/rxjh-emu/server/cmd/gameserver/packet/v21_websop.go:17.69,17.69 0 0
github.com/rxjh-emu/server/cmd/gameserver/packet/v21_websop.go:25.68,25.68 0 0
github.com/rxjh-emu/server/cmd/gameserver/packet/v21_websop.go:35.71,35.71 0 0
github.com/rxjh-emu/server/cmd/gameserver/packet/v21_websop.go:42.75,42.75 0 0
github.com/rxjh-emu/server/cmd/gameserver/packet/v21_websop.go:49.71,49.71 0 0
github.com/rxjh-emu/server/cmd/gameserver/packet/v21_websop.go:58.73,58.73 0 0
github.com/rxjh-emu/server/cmd/gameserver/packet/v21_websop.go:67.69,67.69 0 0
github.com/rxjh-emu/server/cmd/gameserver/packet/v21_websop.go:75.71,75.71 0 0
github.com/rxjh-emu/server/cmd/gameserver/packet/v21_world.go:64.2,64.28 1 0
github.com/rxjh-emu/server/cmd/gameserver/packet/v21_world.go:65.3,68.1 3 0
github.com/rxjh-emu/server/cmd/gameserver/packet/v21_world.go:70.2,70.26 1 0
github.com/rxjh-emu/server/cmd/gameserver/packet/v21_world.go:71.3,73.1 2 0
github.com/rxjh-emu/server/cmd/gameserver/packet/v21_world.go:75.2,76.19 2 0
github.com/rxjh-emu/server/cmd/gameserver/packet/v21_world.go:77.3,80.1 3 0
github.com/rxjh-emu/server/cmd/gameserver/packet/v21_world.go:82.2,84.44 3 0
github.com/rxjh-emu/server/cmd/gameserver/packet/v21_world.go:85.3,85.49 1 0
github.com/rxjh-emu/server/cmd/gameserver/packet/v21_world.go:86.4,87.1 1 0
github.com/rxjh-emu/server/cmd/gameserver/packet/v21_world.go:89.2,89.16 1 0
github.com/rxjh-emu/server/cmd/gameserver/packet/v21_world.go:90.3,93.1 3 0
github.com/rxjh-emu/server/cmd/gameserver/packet/v21_world.go:95.2,97.1 3 0
github.com/rxjh-emu/server/cmd/gameserver/packet/v21_world.go:102.2,102.48 3 0
github.com/rxjh-emu/server/cmd/gameserver/packet/v21_world.go:103.3,106.1 3 0
github.com/rxjh-emu/server/cmd/gameserver/packet/v21_world.go:112.2,113.1 5 0
github.com/rxjh-emu/server/cmd/gameserver/packet/v21_world.go:120.2,121.1 5 0
github.com/rxjh-emu/server/cmd/gameserver/packet/v21_world.go:126.2,127.1 5 0
github.com/rxjh-emu/server/cmd/gameserver/packet/v21_world.go:131.2,132.22 5 0
github.com/rxjh-emu/server/cmd/gameserver/packet/v21_world.go:133.3,134.1 1 0
github.com/rxjh-emu/server/cmd/gameserver/packet/v21_world.go:135.2,135.22 1 0
github.com/rxjh-emu/server/cmd/gameserver/packet/v21_world.go:136.3,137.1 1 0
github.com/rxjh-emu/server/cmd/gameserver/packet/v21_world.go:138.2,138.22 1 0
github.com/rxjh-emu/server/cmd/gameserver/packet/v21_world.go:139.3,140.1 1 0
github.com/rxjh-emu/server/cmd/gameserver/packet/v21_world.go:145.2,146.1 14 0
github.com/rxjh-emu/server/cmd/gameserver/packet/v21_world.go:147.2,148.1 14 0
github.com/rxjh-emu/server/cmd/gameserver/packet/v21_world.go:156.2,157.1 14 0
github.com/rxjh-emu/server/cmd/gameserver/packet/v21_world.go:158.2,166.1 14 0
github.com/rxjh-emu/server/cmd/gameserver/packet/v21_world.go:170.2,171.1 14 0
github.com/rxjh-emu/server/cmd/gameserver/packet/v21_world.go:172.2,173.1 14 0
github.com/rxjh-emu/server/cmd/gameserver/packet/v21_world.go:176.2,176.39 14 0
github.com/rxjh-emu/server/cmd/gameserver/packet/v21_world.go:177.3,177.45 1 0
github.com/rxjh-emu/server/cmd/gameserver/packet/v21_world.go:178.4,180.1 2 0
github.com/rxjh-emu/server/cmd/gameserver/packet/v21_world.go:202.2,204.1 2 1
github.com/rxjh-emu/server/cmd/gameserver/packet/v21_world.go:212.2,213.1 4 1
github.com/rxjh-emu/server/cmd/gameserver/packet/v21_world.go:239.2,240.1 4 1
github.com/rxjh-emu/server/cmd/gameserver/packet/v21_world.go:241.2,242.1 4 1
github.com/rxjh-emu/server/cmd/gameserver/packet/v21_world.go:243.2,243.41 4 1
github.com/rxjh-emu/server/cmd/gameserver/packet/v21_world.go:243.43,243.52 1 1
github.com/rxjh-emu/server/cmd/gameserver/packet/v21_world.go:245.2,247.1 8 1
github.com/rxjh-emu/server/cmd/gameserver/packet/v21_world.go:248.2,249.1 8 1
github.com/rxjh-emu/server/cmd/gameserver/packet/v21_world.go:250.2,251.1 8 1
github.com/rxjh-emu/server/cmd/gameserver/packet/v21_world.go:252.2,253.1 8 1
github.com/rxjh-emu/server/cmd/gameserver/packet/v21_world.go:254.2,255.1 8 1
github.com/rxjh-emu/server/cmd/gameserver/packet/v21_world.go:256.2,257.41 8 1
github.com/rxjh-emu/server/cmd/gameserver/packet/v21_world.go:257.43,257.65 1 1
github.com/rxjh-emu/server/cmd/gameserver/packet/v21_world.go:263.2,264.1 12 1
github.com/rxjh-emu/server/cmd/gameserver/packet/v21_world.go:265.2,266.1 12 1
github.com/rxjh-emu/server/cmd/gameserver/packet/v21_world.go:273.2,276.1 12 1
github.com/rxjh-emu/server/cmd/gameserver/packet/v21_world.go:288.2,289.1 12 1
github.com/rxjh-emu/server/cmd/gameserver/packet/v21_world.go:290.2,292.1 12 1
github.com/rxjh-emu/server/cmd/gameserver/packet/v21_world.go:311.2,312.1 12 1
github.com/rxjh-emu/server/cmd/gameserver/packet/v21_world.go:315.2,316.1 12 1
github.com/rxjh-emu/server/cmd/gameserver/packet/v21_world.go:317.2,318.1 12 1
github.com/rxjh-emu/server/cmd/gameserver/packet/v21_world.go:322.2,322.40 12 1
github.com/rxjh-emu/server/cmd/gameserver/packet/v21_world.go:322.42,322.61 1 1
github.com/rxjh-emu/server/cmd/gameserver/packet/v21_world.go:324.2,325.1 2 1
github.com/rxjh-emu/server/cmd/gameserver/packet/v21_world.go:331.2,331.29 2 1
github.com/rxjh-emu/server/cmd/gameserver/packet/v21_world.go:337.2,338.77 2 1
github.com/rxjh-emu/server/cmd/gameserver/packet/v21_world.go:339.3,342.1 3 1
github.com/rxjh-emu/server/cmd/gameserver/packet/v21_world.go:348.2,350.1 5 1
github.com/rxjh-emu/server/cmd/gameserver/packet/v21_world.go:352.2,353.1 5 1
github.com/rxjh-emu/server/cmd/gameserver/packet/v21_world.go:354.2,355.20 5 1
github.com/rxjh-emu/server/cmd/gameserver/packet/v21_world.go:356.3,357.1 1 0
github.com/rxjh-emu/server/cmd/gameserver/packet/v21_world.go:358.2,359.1 12 1
github.com/rxjh-emu/server/cmd/gameserver/packet/v21_world.go:360.2,365.1 12 1
github.com/rxjh-emu/server/cmd/gameserver/packet/v21_world.go:366.2,370.1 12 1
github.com/rxjh-emu/server/cmd/gameserver/packet/v21_world.go:373.2,374.22 12 1
github.com/rxjh-emu/server/cmd/gameserver/packet/v21_world.go:380.2,381.1 6 1
github.com/rxjh-emu/server/cmd/gameserver/packet/v21_world.go:382.2,386.1 6 1
github.com/rxjh-emu/server/cmd/gameserver/packet/v21_world.go:387.2,388.1 6 1
github.com/rxjh-emu/server/cmd/gameserver/packet/v21_world.go:396.2,402.45 7 1
github.com/rxjh-emu/server/cmd/gameserver/packet/v21_world.go:403.3,403.28 1 1
github.com/rxjh-emu/server/cmd/gameserver/packet/v21_world.go:404.4,405.12 2 1
github.com/rxjh-emu/server/cmd/gameserver/packet/v21_world.go:408.3,410.53 3 1
github.com/rxjh-emu/server/cmd/gameserver/packet/v21_world.go:412.2,415.9 4 1
github.com/rxjh-emu/server/cmd/gameserver/packet/v21_world.go:423.2,424.1 3 1
github.com/rxjh-emu/server/cmd/gameserver/packet/v21_world.go:425.2,426.47 3 1
github.com/rxjh-emu/server/cmd/gameserver/packet/v21_world.go:427.3,428.1 1 0
github.com/rxjh-emu/server/cmd/gameserver/packet/v21_world.go:429.2,430.1 2 1
github.com/rxjh-emu/server/cmd/gameserver/packet/v21_world.go:431.2,431.20 2 1
github.com/rxjh-emu/server/cmd/gameserver/packet/v21_world.go:435.2,436.23 2 1
github.com/rxjh-emu/server/cmd/gameserver/packet/v21_world.go:437.3,438.1 1 1
github.com/rxjh-emu/server/cmd/gameserver/packet/v21_world.go:439.2,439.14 1 1
github.com/rxjh-emu/server/cmd/gameserver/packet/v21_world.go:445.2,447.1 2 1
github.com/rxjh-emu/server/cmd/gameserver/packet/v21_world.go:460.2,460.27 1 1
github.com/rxjh-emu/server/cmd/gameserver/packet/v21_world.go:461.3,462.1 1 1
github.com/rxjh-emu/server/cmd/gameserver/packet/v21_world.go:464.2,466.1 6 1
github.com/rxjh-emu/server/cmd/gameserver/packet/v21_world.go:467.2,470.1 6 1
github.com/rxjh-emu/server/cmd/gameserver/packet/v21_world.go:471.2,471.30 6 1
